Attributes,Overall,Season 7,Season 6,Season 5,Season 4,Season 3,Season 2,Season 1
Matches Played,123,17,24,22,14,14,16,16
wins,57,9,15,8,5,2,10,8
draws,7,0,2,3,1,0,0,1
losses,59,8,7,11,8,12,6,7
Finishing Position,-,4,1,4,6,7,3,3
highest score,64,47,48,64,33,36,43,47
Biggest Winning Margin,40,21,16,40,22,10,19,19
Total Raids,5242,709,1005,943,605,603,730,647
Successful Raids,1779,278,431,336,157,158,194,225
unsuccessful raid,1224,192,211,195,143,148,163,172
empty raids,2239,239,363,412,305,297,373,250
success raid %,43%,50%,54%,42%,33%,35%,35%,45%
no. of super raids,62,7,20,5,4,9,10,7
raid touch points, 1780 , 264 , 428 , 294 , 147 , 181 , 222 , 244 
raid bonus points, 464, 87, 119, 99, 54, 28, 30, 47
total raid points,2244,351,547,393,201,209,252,291
total tackles,2689,387,550,480,287,291,341,353
successful tackles,1066,148,219,185,109,94,158,153
unsuccesful tackles,1623,239,331,295,178,197,183,200
successful tackle %, 43%, 44%, 42%, 42%, 43%, 34%, 48%, 46%
no. of super tackles, 93, 25, 12, 17, 15, 7, 7, 10
all outs inflicted, 149, 18, 37, 28, 9, 12, 25, 20
total all out points, 298, 36, 74, 56, 18, 24, 50, 40
total defence points, 1152, 171, 230, 200, 124, 100, 164, 163
