Attributes,Overall,Season 7,Season 6,Season 5,Season 4,Season 3,Season 2,Season 1
Matches Played,122,17,23,24,14,16,14,14
wins,53,10,12,11,3,9,4,4
draws,15,3,2,6,2,0,1,1
losses,54,4,9,7,9,7,9,9
Finishing Position,-,2,2,1,8,4,6,7
highest score,48,48,44,44,34,37,39,42
Biggest Winning Margin,31,31,16,20,83,17,31,54
Total Raids,5183,696,963,1079,602,702,595,546
Successful Raids,1725,279,340,379,167,213,134,213
unsuccessful raid,1127,137,201,223,125,144,151,146
empty raids,2331,280,422,477,310,345,310,187
success raid %,42%,50%,45%,42%,34%,36%,31%,52%
no. of super raids,68,13,16,11,4,4,9,11
raid touch points, 1684 , 281 , 341 , 333 , 154 , 204 , 151 , 220 
raid bonus points, 474, 67, 95, 122, 48, 46, 33, 63
total raid points,2158,348,436,455,202,250,184,283
total tackles,2757,394,508,521,318,329,306,381
successful tackles,999,156,186,181,117,137,116,106
unsuccesful tackles,1758,238,322,340,201,192,190,275
successful tackle %, 40%, 42%, 39%, 37%, 39%, 46%, 44%, 32%
no. of super tackles, 98, 12, 16, 12, 8, 13, 21, 16
all outs inflicted, 126, 27, 23, 27, 11, 17, 10, 11
total all out points, 252, 54, 46, 54, 22, 34, 20, 22
total defence points, 1092, 166, 200, 193, 125, 150, 136, 122
