Attributes,Overall,Season 7,Season 6,Season 5,Season 4,Season 3,Season 2,Season 1
Matches Played,118,16,24,22,14,14,14,14
wins,44,13,12,5,4,1,4,5
draws,8,1,2,1,1,1,1,1
losses,66,2,10,16,9,12,9,8
Finishing Position,-,1,3,6,7,8,6,6
highest score,50,50,48,38,41,36,45,46
Biggest Winning Margin,23,20,13,83,21,14,19,23
Total Raids,4991,644,997,973,619,614,585,559
Successful Raids,1698,276,401,283,162,171,159,246
unsuccessful raid,1135,125,224,214,120,162,151,139
empty raids,2158,243,372,476,337,281,275,174
success raid %,42%,51%,48%,35%,37%,38%,37%,51%
no. of super raids,61,7,13,6,11,5,14,5
raid touch points, 1621 , 247 , 367 , 260 , 170 , 175 , 174 , 228 
raid bonus points, 496, 82, 116, 84, 56, 58, 43, 57
total raid points,2117,329,483,344,226,233,217,285
total tackles,2775,364,559,497,306,346,333,370
successful tackles,960,143,198,159,116,98,122,124
unsuccesful tackles,1815,221,361,338,190,248,211,246
successful tackle %, 38%, 41%, 39%, 34%, 44%, 32%, 41%, 36%
no. of super tackles, 95, 7, 19, 12, 20, 13, 14, 10
all outs inflicted, 133, 26, 34, 18, 15, 9, 13, 18
total all out points, 266, 52, 68, 36, 30, 18, 26, 36
total defence points, 1048, 148, 216, 169, 134, 111, 136, 134
