Attributes,Overall,Season 7,Season 6,Season 5
Matches Played,66,17,25,24
wins,39,5,18,16
draws,7,2,2,3
losses,20,10,5,5
Finishing Position,-,9,1,1
highest score,47,44,47,45
Biggest Winning Margin,25,25,18,25
Total Raids,2818,691,1072,1055
Successful Raids,942,215,392,335
unsuccessful raid,646,189,246,211
empty raids,1230,287,434,509
success raid %,41%,38%,45%,38%
no. of super raids,25,4,10,11
raid touch points, 935 , 204 , 385 , 346 
raid bonus points, 210, 56, 95, 59
total raid points,1145,260,480,405
total tackles,1428,345,586,497
successful tackles,655,155,258,242
unsuccesful tackles,773,190,328,255
successful tackle %, 49%, 49%, 47%, 51%
no. of super tackles, 45, 15, 18, 12
all outs inflicted, 88, 16, 36, 36
total all out points, 176, 32, 72, 72
total defence points, 697, 169, 274, 254
