Attributes,Overall,Season 7,Season 6,Season 5
Matches Played,61,16,22,23
wins,29,10,6,13
draws,7,1,2,4
losses,25,5,14,6
Finishing Position,-,3,6,3
highest score,47,47,43,42
Biggest Winning Margin,22,22,11,18
Total Raids,2633,662,941,1030
Successful Raids,928,240,361,327
unsuccessful raid,581,145,230,206
empty raids,1124,277,350,497
success raid %,44%,47%,48%,39%
no. of super raids,36,12,12,12
raid touch points, 880 , 250 , 306 , 324 
raid bonus points, 283, 62, 141, 80
total raid points,1163,312,447,404
total tackles,1512,406,562,544
successful tackles,543,157,180,206
unsuccesful tackles,969,249,382,338
successful tackle %, 39%, 41%, 34%, 42%
no. of super tackles, 47, 11, 15, 21
all outs inflicted, 65, 22, 16, 27
total all out points, 130, 44, 32, 54
total defence points, 588, 168, 193, 227
