Attributes,Overall,Season 7,Season 6,Season 5,Season 4,Season 3,Season 2,Season 1
Matches Played,120,16,22,22,16,14,14,16
wins,52,7,6,8,9,4,6,12
draws,10,1,3,1,1,2,1,1
losses,58,8,13,13,6,8,7,3
Finishing Position,-,6,5,5,3,6,5,1
highest score,51,44,45,39,51,39,51,50
Biggest Winning Margin,30,19,17,11,25,93,30,27
Total Raids,5053,663,949,962,666,593,599,621
Successful Raids,1624,197,334,288,203,149,183,270
unsuccessful raid,1183,159,220,236,139,152,152,125
empty raids,2246,307,395,438,324,292,264,226
success raid %,41%,38%,44%,37%,41%,33%,39%,55%
no. of super raids,60,6,13,13,6,8,5,9
raid touch points, 1649 , 191 , 313 , 297 , 221 , 147 , 189 , 291 
raid bonus points, 411, 62, 102, 56, 49, 46, 43, 53
total raid points,2060,253,415,353,270,193,232,344
total tackles,2672,371,551,459,319,274,298,400
successful tackles,1016,150,202,162,119,101,124,158
unsuccesful tackles,1656,221,349,297,200,173,174,242
successful tackle %, 42%, 47%, 41%, 37%, 42%, 43%, 48%, 42%
no. of super tackles, 124, 26, 25, 10, 17, 16, 18, 12
all outs inflicted, 133, 15, 22, 22, 17, 11, 17, 29
total all out points, 266, 30, 44, 44, 34, 22, 34, 58
total defence points, 1135, 175, 225, 171, 135, 117, 142, 170
