Attributes,Overall,Season 7,Season 6,Season 5,Season 4,Season 3,Season 2,Season 1
Matches Played,123,16,23,22,14,16,16,16
wins,76,8,15,10,7,13,14,9
draws,7,1,2,0,1,0,0,3
losses,40,7,6,12,6,3,2,4
Finishing Position,-,5,2,4,4,1,1,2
highest score,53,47,53,51,38,41,39,45
Biggest Winning Margin,27,26,27,14,81,21,17,16
Total Raids,5187,646,978,963,594,685,697,624
Successful Raids,1753,208,372,322,188,206,187,270
unsuccessful raid,1121,148,196,219,131,139,154,134
empty raids,2313,290,410,422,275,340,356,220
success raid %,43%,41%,47%,44%,38%,37%,34%,56%
no. of super raids,62,7,15,10,4,7,7,12
raid touch points, 1726 , 213 , 372 , 298 , 164 , 211 , 206 , 262 
raid bonus points, 482, 53, 87, 121, 63, 42, 31, 85
total raid points,2208,266,459,419,227,253,237,347
total tackles,2826,334,558,539,293,329,364,409
successful tackles,1193,145,274,176,110,163,180,145
unsuccesful tackles,1633,189,284,363,183,166,184,264
successful tackle %, 46%, 48%, 52%, 37%, 41%, 51%, 54%, 38%
no. of super tackles, 102, 16, 15, 26, 11, 6, 16, 12
all outs inflicted, 167, 22, 41, 21, 15, 27, 20, 21
total all out points, 334, 44, 82, 42, 30, 54, 40, 42
total defence points, 1293, 159, 289, 202, 121, 169, 196, 157
