Attributes,Overall,Season 7,Season 6,Season 5,Season 4,Season 3,Season 2,Season 1
Matches Played,129,17,22,26,16,16,16,16
wins,68,6,9,14,12,12,7,8
draws,13,1,2,5,0,2,1,2
losses,48,10,11,7,4,2,8,6
Finishing Position,-,8,4,2,1,2,4,4
highest score,69,55,53,69,38,67,39,52
Biggest Winning Margin,39,26,20,39,15,33,17,22
Total Raids,5559,718,934,1173,692,703,701,638
Successful Raids,2025,250,406,487,206,241,182,253
unsuccessful raid,1206,168,226,238,152,129,159,134
empty raids,2328,300,302,448,334,333,360,251
success raid %,46%,44%,53%,54%,38%,46%,33%,50%
no. of super raids,88,11,11,26,7,16,4,13
raid touch points, 2075 , 258 , 376 , 508 , 224 , 272 , 185 , 252 
raid bonus points, 504, 56, 120, 129, 40, 52, 43, 64
total raid points,2579,314,496,637,264,324,228,316
total tackles,3069,396,555,625,332,405,376,380
successful tackles,1165,157,186,226,145,175,152,124
unsuccesful tackles,1904,239,369,399,187,230,224,256
successful tackle %, 42%, 45%, 36%, 40%, 52%, 45%, 44%, 37%
no. of super tackles, 130, 22, 16, 27, 27, 7, 13, 18
all outs inflicted, 191, 26, 30, 55, 19, 30, 13, 18
total all out points, 382, 52, 60, 110, 38, 60, 26, 36
total defence points, 1291, 179, 201, 252, 171, 182, 164, 142
