Attributes,Overall,Season 7,Season 6,Season 5,Season 4,Season 3,Season 2,Season 1
Matches Played,124,18,22,24,16,16,14,14
wins,49,6,8,16,7,8,2,2
draws,11,3,2,0,2,3,1,0
losses,64,9,12,8,7,5,11,12
Finishing Position,-,8,4,2,4,3,8,8
highest score,47,43,45,47,41,44,37,40
Biggest Winning Margin,24,21,18,23,22,24,53,10
Total Raids,5297,749,940,1042,716,698,600,552
Successful Raids,1651,254,286,304,230,203,170,204
unsuccessful raid,1224,190,228,223,151,133,151,148
empty raids,2422,305,426,515,335,362,279,200
success raid %,39%,41%,37%,36%,40%,36%,37%,49%
no. of super raids,63,6,7,12,10,9,8,11
raid touch points, 1645 , 235 , 235 , 321 , 246 , 215 , 186 , 207 
raid bonus points, 421, 73, 111, 58, 44, 36, 37, 62
total raid points,2066,308,346,379,290,251,223,269
total tackles,2924,484,502,547,345,371,307,368
successful tackles,1141,189,189,252,140,174,104,93
unsuccesful tackles,1783,295,313,295,205,197,203,275
successful tackle %, 43%, 44%, 44%, 50%, 42%, 50%, 37%, 29%
no. of super tackles, 122, 22, 34, 21, 7, 13, 11, 14
all outs inflicted, 133, 17, 14, 32, 21, 25, 12, 12
total all out points, 266, 34, 28, 64, 42, 50, 24, 24
total defence points, 1255, 211, 219, 271, 146, 187, 114, 107
