Attributes,Overall,Season 7,Season 6,Season 5
Matches Played,61,17,22,22
wins,14,3,5,6
draws,9,3,4,2
losses,38,11,13,14
Finishing Position,-,11,6,6
highest score,46,39,46,40
Biggest Winning Margin,22,13,22,52
Total Raids,2655,708,925,1022
Successful Raids,934,239,344,351
unsuccessful raid,609,180,222,207
empty raids,1112,289,359,464
success raid %,43%,43%,45%,40%
no. of super raids,16,4,7,5
raid touch points, 854 , 231 , 314 , 309 
raid bonus points, 276, 70, 105, 101
total raid points,1130,301,419,410
total tackles,1395,380,498,517
successful tackles,495,137,174,184
unsuccesful tackles,900,243,324,333
successful tackle %, 39%, 39%, 38%, 39%
no. of super tackles, 45, 13, 15, 17
all outs inflicted, 51, 12, 20, 19
total all out points, 102, 24, 40, 38
total defence points, 538, 148, 189, 201
