Attributes,Overall,Season 7,Season 6,Season 5,Season 4,Season 3,Season 2,Season 1
Matches Played,120,16,22,22,16,14,16,14
wins,49,4,8,7,8,7,9,6
draws,15,3,1,3,2,0,3,3
losses,56,9,13,12,6,7,4,5
Finishing Position,-,11,5,5,2,5,2,5
highest score,60,42,53,58,46,45,54,60
Biggest Winning Margin,36,11,21,22,21,18,22,36
Total Raids,5154,658,953,971,687,609,707,569
Successful Raids,1798,228,289,332,206,206,265,272
unsuccessful raid,1117,166,229,197,133,133,143,116
empty raids,2239,264,435,442,348,270,299,181
success raid %,43%,41%,37%,41%,39%,42%,49%,59%
no. of super raids,58,5,9,10,7,3,16,8
raid touch points, 1753 , 192 , 246 , 301 , 225 , 201 , 297 , 291 
raid bonus points, 471, 78, 107, 99, 42, 53, 47, 45
total raid points,2224,270,353,400,267,254,344,336
total tackles,2757,363,486,508,364,304,399,333
successful tackles,1048,143,202,191,157,101,158,96
unsuccesful tackles,1709,220,284,317,207,203,241,237
successful tackle %, 42%, 45%, 48%, 41%, 44%, 38%, 43%, 31%
no. of super tackles, 115, 21, 33, 17, 5, 15, 16, 8
all outs inflicted, 138, 9, 18, 25, 22, 13, 26, 25
total all out points, 276, 18, 36, 50, 44, 26, 52, 50
total defence points, 1157, 163, 233, 207, 162, 116, 172, 104
