Attributes,Overall,Season 7,Season 6,Season 5
Matches Played,64,16,25,23
wins,26,8,10,8
draws,10,2,4,4
losses,28,6,11,11
Finishing Position,-,5,3,3
highest score,53,41,47,53
Biggest Winning Margin,29,12,16,29
Total Raids,2739,669,1068,1002
Successful Raids,910,195,357,358
unsuccessful raid,640,164,255,221
empty raids,1189,310,456,423
success raid %,42%,37%,42%,46%
no. of super raids,36,3,10,23
raid touch points, 858 , 193 , 318 , 347 
raid bonus points, 302, 57, 131, 114
total raid points,1160,250,449,461
total tackles,1513,368,594,551
successful tackles,577,154,240,183
unsuccesful tackles,936,214,354,368
successful tackle %, 42%, 45%, 45%, 36%
no. of super tackles, 59, 13, 27, 19
all outs inflicted, 66, 17, 26, 23
total all out points, 132, 34, 52, 46
total defence points, 632, 166, 265, 201
