,Matches Played,Total Points Earned,Most Points in a Match,Not Out %,Total Raids,Successful Raid %,No Of Super Raids,Super 10s,Total Raid Points,Avg Raid Points/Match,No of Super Tackles,High 5s,Total Tackle Points,Avg Tackle/Match,Total Tackles,Tackle Strike Rate,Player
Overall,123,943,20,81.18,1765,48.49,20,31,856,6.95,8,4,87,0.64,231,37.66,Deepak
Season 7,20,158,14,80.92,304,48.02,2,7,146,7.3,2,0,12,0.5,27,44.44,Deepak
Season 6,22,208,20,80.32,366,53.55,4,10,196,8.9,1,1,12,0.5,38,31.57,Deepak
Season 5,24,186,17,78.88,360,47.77,8,7,172,7.16,1,0,14,0.54,34,41.17,Deepak
Season 4,16,130,17,85.92,277,45.48,2,2,126,7.87,0,0,4,0.25,28,14.28,Deepak
Season 3,12,76,13,82.16,157,43.94,0,1,69,5.75,0,0,7,0.58,21,33.33,Deepak
Season 2,15,96,14,82.35,153,39.21,1,1,60,4,4,3,36,2.13,61,59.01,Deepak
Season 1,14,89,18,78.37,148,58.78,3,3,87,6.21,0,0,2,0.14,22,9.09,Deepak
