,Matches Played,Total Points Earned,Most Points in a Match,Not Out %,Total Raids,Successful Raid %,No Of Super Raids,Super 10s,Total Raid Points,Avg Raid Points/Match,No of Super Tackles,High 5s,Total Tackle Points,Avg Tackle/Match,Total Tackles,Tackle Strike Rate,Player
Overall,104,1108,34,77.21,1848,59.57,50,57,1101,10.58,1,0,7,0.05,34,20.58,Pradeep Narwal
Season 7,19,243,26,75.19,383,63.44,12,13,243,12.78,0,0,0,0,2,0,Pradeep Narwal
Season 6,21,233,27,76.21,391,59.59,6,15,233,11.09,0,0,0,0,1,0,Pradeep Narwal
Season 5,26,369,34,80.71,586,62.96,18,19,369,14.19,0,0,0,0,10,0,Pradeep Narwal
Season 4,16,133,18,76.04,263,49.8,3,5,131,8.18,1,0,2,0.06,6,33.33,Pradeep Narwal
Season 3,16,121,24,75.93,187,62.03,10,5,116,7.25,0,0,5,0.31,13,38.46,Pradeep Narwal
Season 2,6,9,4,68.42,38,23.68,1,0,9,1.5,0,0,0,0,2,0,Pradeep Narwal
