,Matches Played,Total Points Earned,Most Points in a Match,Not Out %,Total Raids,Successful Raid %,No Of Super Raids,Super 10s,Total Raid Points,Avg Raid Points/Match,No of Super Tackles,High 5s,Total Tackle Points,Avg Tackle/Match,Total Tackles,Tackle Strike Rate,Player
Overall,74,601,29,72.46,868,65.43,18,25,568,7.67,3,0,33,0.4,87,37.93,Pawan Kumar Sherawat
Season 7,18,245,29,73.92,326,71.16,5,12,232,12.88,1,0,13,0.66,27,48.14,Pawan Kumar Sherawat
Season 6,24,282,22,77.33,375,72.26,12,13,271,11.29,0,0,11,0.45,40,27.5,Pawan Kumar Sherawat
Season 5,9,10,4,45.83,24,37.5,0,0,9,1,0,0,1,0.11,2,50,Pawan Kumar Sherawat
Season 4,10,11,4,48.48,33,33.33,0,0,11,1.1,0,0,0,0,1,0,Pawan Kumar Sherawat
Season 3,13,53,7,64.54,110,40.9,1,0,45,3.46,2,0,8,0.46,17,47.05,Pawan Kumar Sherawat
