,Team 1,Team 2,Team 1 Score,Team 2 Score,Winner,Venue
0,U Mumba,Jaipur Pink Panthers,45,31,U Mumba,Mumbai
1,Dabang Delhi,Bengaluru Bulls,28,47,Bengaluru Bulls,Mumbai
2,Bengaluru Bulls,Puneri Paltan,40,37,Bengaluru Bulls,Mumbai
3,U Mumba,Bengal Warriors,36,25,U Mumba,Mumbai
4,Puneri Paltan,Dabang Delhi,31,35,Dabang Delhi,Mumbai
5,U Mumba,Telugu Titans,35,35,Telugu Titans,Mumbai
6,U Mumba,Patna Pirates,36,33,U Mumba,Mumbai
7,Bengal Warriors,Bengaluru Bulls,30,46,Bengaluru Bulls,Kolkata
8,Jaipur Pink Panthers,Telugu Titans,46,32,Jaipur Pink Panthers,Kolkata
9,Bengal Warriors,Dabang Delhi,42,40,Bengal Warriors,Kolkata
10,Telugu Titans,Patna Pirates,35,38,Patna Pirates,Kolkata
11,Bengal Warriors,Puneri Paltan,38,35,Bengal Warriors,Kolkata
12,Patna Pirates,Jaipur Pink Panthers,18,40,Jaipur Pink Panthers,Kolkata
13,Bengal Warriors,U Mumba,29,39,U Mumba,Kolkata
14,Dabang Delhi,Telugu Titans,35,39,Telugu Titans,Delhi
15,Puneri Paltan,Bengaluru Bulls,33,31,Puneri Paltan,Delhi
16,U Mumba,Puneri Paltan,44,28,U Mumba,Delhi
17,Dabang Delhi,Patna Pirates,31,36,Patna Pirates,Delhi
18,Bengaluru Bulls,U Mumba,34,45,U Mumba,Delhi
19,Dabang Delhi,Jaipur Pink Panthers,31,40,Jaipur Pink Panthers,Delhi
20,Dabang Delhi,Bengal Warriors,46,36,Dabang Delhi,Delhi
21,Patna Pirates,Puneri Paltan,35,27,Patna Pirates,Patna
22,Bengal Warriors,Telugu Titans,40,35,Bengal Warriors,Patna
23,Patna Pirates,U Mumba,37,37,U Mumba,Patna
24,Telugu Titans,Jaipur Pink Panthers,29,49,Jaipur Pink Panthers,Patna
25,Patna Pirates,Dabang Delhi,30,30,Dabang Delhi,Patna
26,Jaipur Pink Panthers,Bengal Warriors,39,23,Jaipur Pink Panthers,Patna
27,Patna Pirates,Bengaluru Bulls,35,37,Bengaluru Bulls,Patna
28,Puneri Paltan,Telugu Titans,36,42,Telugu Titans,Pune
29,U Mumba,Bengaluru Bulls,30,33,Bengaluru Bulls,Pune
30,Puneri Paltan,Bengal Warriors,40,30,Puneri Paltan,Pune
31,Bengaluru Bulls,Dabang Delhi,27,29,Dabang Delhi,Pune
32,Puneri Paltan,Jaipur Pink Panthers,23,50,Jaipur Pink Panthers,Pune
33,Dabang Delhi,U Mumba,36,27,Dabang Delhi,Pune
34,Puneri Paltan,Patna Pirates,31,37,Patna Pirates,Pune
35,Telugu Titans,Bengaluru Bulls,28,28,Bengaluru Bulls,Vizag
36,Bengal Warriors,Jaipur Pink Panthers,33,41,Jaipur Pink Panthers,Vizag
37,Jaipur Pink Panthers,Patna Pirates,30,52,Patna Pirates,Vizag
38,Telugu Titans,U Mumba,44,43,Telugu Titans,Vizag
39,Patna Pirates,Bengal Warriors,28,30,Bengal Warriors,Vizag
40,Telugu Titans,Puneri Paltan,60,24,Telugu Titans,Vizag
41,Telugu Titans,Dabang Delhi,45,26,Telugu Titans,Vizag
42,Jaipur Pink Panthers,Bengaluru Bulls,36,31,Jaipur Pink Panthers,Jaipur
43,Bengal Warriors,Patna Pirates,32,36,Patna Pirates,Jaipur
44,Jaipur Pink Panthers,U Mumba,31,31,U Mumba,Jaipur
45,Telugu Titans,Bengal Warriors,34,34,Bengal Warriors,Jaipur
46,Jaipur Pink Panthers,Dabang Delhi,41,31,Jaipur Pink Panthers,Jaipur
47,Patna Pirates,Telugu Titans,29,32,Telugu Titans,Jaipur
48,Jaipur Pink Panthers,Puneri Paltan,33,27,Jaipur Pink Panthers,Jaipur
49,Bengaluru Bulls,Bengal Warriors,37,24,Bengaluru Bulls,Bengaluru
50,U Mumba,Dabang Delhi,37,30,U Mumba,Bengaluru
51,Dabang Delhi,Puneri Paltan,45,22,Dabang Delhi,Bengaluru
52,Bengaluru Bulls,Patna Pirates,31,33,Patna Pirates,Bengaluru
53,Bengaluru Bulls,Telugu Titans,27,26,Bengaluru Bulls,Bengaluru
54,Puneri Paltan,U Mumba,35,36,U Mumba,Bengaluru
55,Bengaluru Bulls,Jaipur Pink Panthers,30,29,Bengaluru Bulls,Bengaluru
56,U Mumba,Jaipur Pink Panthers,29,28,U Mumba,Mumbai
57,Bengaluru Bulls,Bengal Warriors,33,25,Bengaluru Bulls,Mumbai
58,Telugu Titans,Dabang Delhi,36,27,Telugu Titans,Mumbai
59,U Mumba,Bengaluru Bulls,36,23,U Mumba,Mumbai
60,Puneri Paltan,Telugu Titans,24,45,Telugu Titans,Mumbai
61,U Mumba,Patna Pirates,25,20,U Mumba,Mumbai
62,U Mumba,Puneri Paltan,28,21,U Mumba,Mumbai
63,Bengal Warriors,Jaipur Pink Panthers,28,26,Bengal Warriors,Kolkata
64,Bengaluru Bulls,Patna Pirates,31,26,Bengaluru Bulls,Kolkata
65,Bengal Warriors,Telugu Titans,30,32,Telugu Titans,Kolkata
66,Dabang Delhi,Puneri Paltan,38,37,Dabang Delhi,Kolkata
67,Bengal Warriors,U Mumba,25,29,U Mumba,Kolkata
68,Bengaluru Bulls,Puneri Paltan,31,26,Bengaluru Bulls,Kolkata
69,Bengal Warriors,Dabang Delhi,21,32,Dabang Delhi,Kolkata
70,Jaipur Pink Panthers,Patna Pirates,23,29,Patna Pirates,Jaipur
71,Telugu Titans,U Mumba,26,27,U Mumba,Jaipur
72,Dabang Delhi,Bengaluru Bulls,18,33,Bengaluru Bulls,Jaipur
73,Jaipur Pink Panthers,Telugu Titans,22,33,Telugu Titans,Jaipur
74,Jaipur Pink Panthers,Bengaluru Bulls,36,23,Jaipur Pink Panthers,Jaipur
75,Puneri Paltan,Bengal Warriors,33,29,Puneri Paltan,Jaipur
76,Jaipur Pink Panthers,Dabang Delhi,27,35,Dabang Delhi,Jaipur
77,Patna Pirates,Telugu Titans,22,34,Telugu Titans,Patna
78,Bengaluru Bulls,Telugu Titans,35,21,Bengaluru Bulls,Patna
79,Patna Pirates,Dabang Delhi,39,22,Patna Pirates,Patna
80,Dabang Delhi,U Mumba,22,27,U Mumba,Patna
81,Patna Pirates,Puneri Paltan,32,28,Patna Pirates,Patna
82,Puneri Paltan,Jaipur Pink Panthers,29,35,Jaipur Pink Panthers,Patna
83,Patna Pirates,Bengal Warriors,20,20,TIE,Patna
84,Telugu Titans,Jaipur Pink Panthers,39,39,TIE,Hyderabad
85,U Mumba,Dabang Delhi,29,24,U Mumba,Hyderabad
86,Telugu Titans,Bengal Warriors,44,28,Telugu Titans,Hyderabad
87,Bengal Warriors,Bengaluru Bulls,22,33,Bengaluru Bulls,Hyderabad
88,Telugu Titans,Patna Pirates,54,32,Telugu Titans,Hyderabad
89,Jaipur Pink Panthers,U Mumba,35,25,Jaipur Pink Panthers,Hyderabad
90,Telugu Titans,Puneri Paltan,29,29,TIE,Hyderabad
91,Dabang Delhi,Bengal Warriors,17,20,Bengal Warriors,Delhi
92,Patna Pirates,Bengaluru Bulls,30,28,Patna Pirates,Delhi
93,U Mumba,Bengal Warriors,31,17,U Mumba,Delhi
94,Dabang Delhi,Patna Pirates,45,26,Dabang Delhi,Delhi
95,Dabang Delhi,Jaipur Pink Panthers,21,51,Jaipur Pink Panthers,Delhi
96,Jaipur Pink Panthers,Puneri Paltan,31,18,Jaipur Pink Panthers,Delhi
97,Dabang Delhi,Telugu Titans,45,45,TIE,Delhi
98,Bengaluru Bulls,U Mumba,29,36,U Mumba,Bengaluru
99,Bengal Warriors,Puneri Paltan,31,28,Bengal Warriors,Bengaluru
100,Bengaluru Bulls,Jaipur Pink Panthers,25,27,Jaipur Pink Panthers,Bengaluru
101,Bengal Warriors,Patna Pirates,32,34,Patna Pirates,Bengaluru
102,Bengaluru Bulls,Dabang Delhi,40,21,Bengaluru Bulls,Bengaluru
103,Patna Pirates,U Mumba,27,32,U Mumba,Bengaluru
104,Bengaluru Bulls,Telugu Titans,43,29,Bengaluru Bulls,Bengaluru
105,Puneri Paltan,Dabang Delhi,33,28,Puneri Paltan,Pune
106,Jaipur Pink Panthers,Bengal Warriors,38,39,Bengal Warriors,Pune
107,Puneri Paltan,U Mumba,34,39,U Mumba,Pune
108,U Mumba,Telugu Titans,25,46,Telugu Titans,Pune
109,Puneri Paltan,Patna Pirates,21,38,Patna Pirates,Pune
110,Patna Pirates,Jaipur Pink Panthers,26,24,Patna Pirates,Pune
111,Puneri Paltan,Bengaluru Bulls,30,31,Bengaluru Bulls,Pune
112,Telugu Titans,U Mumba,25,27,U Mumba,Vizag
113,Dabang Delhi,Bengaluru Bulls,29,35,Bengaluru Bulls,Vizag
114,Jaipur Pink Panthers,U Mumba,27,18,Jaipur Pink Panthers,Vizag
115,Telugu Titans,Puneri Paltan,27,26,Telugu Titans,Vizag
116,Patna Pirates,Jaipur Pink Panthers,29,28,Patna Pirates,Vizag
117,Telugu Titans,Dabang Delhi,45,34,Telugu Titans,Vizag
118,Telugu Titans,Bengal Warriors,17,25,Bengal Warriors,Vizag
119,Bengaluru Bulls,Patna Pirates,24,33,Patna Pirates,Bengaluru
120,Dabang Delhi,Puneri Paltan,20,38,Puneri Paltan,Bengaluru
121,Bengaluru Bulls,Bengal Warriors,24,34,Bengal Warriors,Bengaluru
122,Dabang Delhi,U Mumba,17,30,U Mumba,Bengaluru
123,Bengaluru Bulls,Jaipur Pink Panthers,36,26,Bengaluru Bulls,Bengaluru
124,U Mumba,Patna Pirates,26,40,Patna Pirates,Bengaluru
125,Bengaluru Bulls,Telugu Titans,26,35,Telugu Titans,Bengaluru
126,Bengal Warriors,Puneri Paltan,33,28,Bengal Warriors,Kolkata
127,Jaipur Pink Panthers,Dabang Delhi,39,34,Jaipur Pink Panthers,Kolkata
128,Patna Pirates,Telugu Titans,29,25,Patna Pirates,Kolkata
129,Bengal Warriors,Dabang Delhi,34,17,Bengal Warriors,Kolkata
130,Bengal Warriors,Patna Pirates,31,36,Patna Pirates,Kolkata
131,U Mumba,Bengaluru Bulls,29,28,U Mumba,Kolkata
132,Bengal Warriors,Jaipur Pink Panthers,34,20,Bengal Warriors,Kolkata
133,Puneri Paltan,Patna Pirates,30,30,TIE,Pune
134,Patna Pirates,Dabang Delhi,47,34,Patna Pirates,Pune
135,Puneri Paltan,Jaipur Pink Panthers,32,32,TIE,Pune
136,Jaipur Pink Panthers,Telugu Titans,25,27,Telugu Titans,Pune
137,Puneri Paltan,U Mumba,27,29,U Mumba,Pune
138,U Mumba,Bengal Warriors,32,21,U Mumba,Pune
139,Puneri Paltan,Bengaluru Bulls,29,27,Puneri Paltan,Pune
140,Patna Pirates,Bengal Warriors,32,27,Patna Pirates,Patna
141,Telugu Titans,Jaipur Pink Panthers,26,35,Jaipur Pink Panthers,Patna
142,Patna Pirates,Bengaluru Bulls,36,22,Patna Pirates,Patna
143,Bengaluru Bulls,Dabang Delhi,21,35,Dabang Delhi,Patna
144,Patna Pirates,Puneri Paltan,28,28,TIE,Patna
145,Bengal Warriors,Telugu Titans,32,28,Bengal Warriors,Patna
146,Patna Pirates,U Mumba,28,34,U Mumba,Patna
147,Jaipur Pink Panthers,Bengaluru Bulls,30,21,Jaipur Pink Panthers,Jaipur
148,Puneri Paltan,Dabang Delhi,32,22,Puneri Paltan,Jaipur
149,Telugu Titans,Bengaluru Bulls,40,22,Telugu Titans,Jaipur
150,Jaipur Pink Panthers,Puneri Paltan,18,33,Puneri Paltan,Jaipur
151,Jaipur Pink Panthers,Bengal Warriors,18,34,Bengal Warriors,Jaipur
152,Bengal Warriors,U Mumba,17,30,U Mumba,Jaipur
153,Jaipur Pink Panthers,Patna Pirates,24,47,Patna Pirates,Jaipur
154,Dabang Delhi,Telugu Titans,36,44,Telugu Titans,Delhi
155,Bengaluru Bulls,U Mumba,18,39,U Mumba,Delhi
156,Dabang Delhi,Patna Pirates,34,67,Patna Pirates,Delhi
157,Puneri Paltan,Telugu Titans,41,24,Puneri Paltan,Delhi
158,Dabang Delhi,Jaipur Pink Panthers,21,21,TIE,Delhi
159,Bengaluru Bulls,Puneri Paltan,27,44,Puneri Paltan,Delhi
160,Dabang Delhi,Bengal Warriors,31,37,Bengal Warriors,Delhi
161,U Mumba,Jaipur Pink Panthers,35,21,U Mumba,Mumbai
162,Telugu Titans,Patna Pirates,42,41,Telugu Titans,Mumbai
163,U Mumba,Puneri Paltan,30,27,U Mumba,Mumbai
164,Bengal Warriors,Bengaluru Bulls,26,22,Bengal Warriors,Mumbai
165,U Mumba,Telugu Titans,38,22,U Mumba,Mumbai
166,Puneri Paltan,Bengal Warriors,43,19,Puneri Paltan,Mumbai
167,U Mumba,Dabang Delhi,36,20,U Mumba,Mumbai
168,Puneri Paltan,Telugu Titans,28,24,Puneri Paltan,Pune
169,U Mumba,Jaipur Pink Panthers,36,34,U Mumba,Pune
170,Bengaluru Bulls,Bengal Warriors,24,23,Bengaluru Bulls,Pune
171,Puneri Paltan,U Mumba,41,19,Puneri Paltan,Pune
172,Bengal Warriors,Dabang Delhi,31,23,Bengal Warriors,Pune
173,Puneri Paltan,Patna Pirates,24,30,Patna Pirates,Pune
174,Puneri Paltan,Dabang Delhi,27,27,TIE,Pune
175,Jaipur Pink Panthers,Telugu Titans,28,24,Jaipur Pink Panthers,Jaipur
176,U Mumba,Puneri Paltan,34,36,Puneri Paltan,Jaipur
177,Jaipur Pink Panthers,Bengaluru Bulls,28,28,TIE,Jaipur
178,U Mumba,Dabang Delhi,27,25,U Mumba,Jaipur
179,Jaipur Pink Panthers,Bengal Warriors,36,33,Jaipur Pink Panthers,Jaipur
180,Dabang Delhi,Bengaluru Bulls,32,24,Dabang Delhi,Jaipur
181,Jaipur Pink Panthers,Puneri Paltan,28,33,Puneri Paltan,Jaipur
182,Telugu Titans,Patna Pirates,33,35,Patna Pirates,Hyderabad
183,Bengal Warriors,U Mumba,18,26,U Mumba,Hyderabad
184,Bengaluru Bulls,Puneri Paltan,29,27,Bengaluru Bulls,Hyderabad
185,Telugu Titans,Bengal Warriors,35,18,Telugu Titans,Hyderabad
186,Telugu Titans,Bengaluru Bulls,28,30,Bengaluru Bulls,Hyderabad
187,Dabang Delhi,Jaipur Pink Panthers,26,51,Jaipur Pink Panthers,Hyderabad
188,Telugu Titans,U Mumba,35,30,Telugu Titans,Hyderabad
189,Patna Pirates,Bengaluru Bulls,31,25,Patna Pirates,Patna
190,Bengaluru Bulls,U Mumba,23,24,U Mumba,Patna
191,Telugu Titans,Tamil Thalaivas,32,27,Telugu Titans,Hyderabad
192,U Mumba,Puneri Paltan,21,33,Puneri Paltan,Hyderabad
193,Jaipur Pink Panthers,Dabang Delhi,26,30,Dabang Delhi,Hyderabad
194,Telugu Titans,Patna Pirates,29,35,Patna Pirates,Hyderabad
195,U Mumba,Haryana Steelers,29,28,U Mumba,Hyderabad
196,Telugu Titans,Bengaluru Bulls,21,31,Bengaluru Bulls,Hyderabad
197,Gujarat Fortune Giants,Dabang Delhi,26,20,Gujarat Fortune Giants,Hyderabad
198,Telugu Titans,UP Yoddha,18,31,UP Yoddha,Hyderabad
199,Gujarat Fortune Giants,Haryana Steelers,27,27,TIE,Hyderabad
200,Telugu Titans,Bengal Warriors,24,30,Bengal Warriors,Hyderabad
201,Telugu Titans,Patna Pirates,36,43,Patna Pirates,Hyderabad
202,Bengaluru Bulls,Tamil Thalaivas,32,31,Bengaluru Bulls,Nagpur
203,Puneri Paltan,Dabang Delhi,26,21,Puneri Paltan,Nagpur
204,U Mumba,Dabang Delhi,36,22,U Mumba,Nagpur
205,Bengaluru Bulls,UP Yoddha,27,32,UP Yoddha,Nagpur
206,Bengal Warriors,UP Yoddha,40,20,Bengal Warriors,Nagpur
207,Bengaluru Bulls,Patna Pirates,32,46,Patna Pirates,Nagpur
208,Gujarat Fortune Giants,Haryana Steelers,20,32,Haryana Steelers,Nagpur
209,Bengaluru Bulls,Telugu Titans,21,21,TIE,Nagpur
210,Bengaluru Bulls,Bengal Warriors,31,25,Bengaluru Bulls,Nagpur
211,Puneri Paltan,Jaipur Pink Panthers,28,30,Jaipur Pink Panthers,Nagpur
212,Bengaluru Bulls,Tamil Thalaivas,24,29,Tamil Thalaivas,Nagpur
213,Gujarat Fortune Giants,U Mumba,39,21,Gujarat Fortune Giants,Ahmedabad
214,Telugu Titans,UP Yoddha,32,39,UP Yoddha,Ahmedabad
215,Gujarat Fortune Giants,Dabang Delhi,29,25,Gujarat Fortune Giants,Ahmedabad
216,Patna Pirates,UP Yoddha,27,27,TIE,Ahmedabad
217,Gujarat Fortune Giants,Jaipur Pink Panthers,27,20,Gujarat Fortune Giants,Ahmedabad
218,Bengal Warriors,Puneri Paltan,17,34,Puneri Paltan,Ahmedabad
219,Gujarat Fortune Giants,Bengaluru Bulls,27,24,Gujarat Fortune Giants,Ahmedabad
220,Haryana Steelers,Tamil Thalaivas,25,25,TIE,Ahmedabad
221,Gujarat Fortune Giants,Telugu Titans,29,19,Gujarat Fortune Giants,Ahmedabad
222,Dabang Delhi,Tamil Thalaivas,30,29,Dabang Delhi,Ahmedabad
223,Gujarat Fortune Giants,Bengal Warriors,26,26,TIE,Ahmedabad
224,UP Yoddha,U Mumba,34,37,U Mumba,Lucknow
225,Bengaluru Bulls,Jaipur Pink Panthers,28,30,Jaipur Pink Panthers,Lucknow
226,Telugu Titans,U Mumba,37,32,Telugu Titans,Lucknow
227,UP Yoddha,Haryana Steelers,29,36,Haryana Steelers,Lucknow
228,Patna Pirates,Puneri Paltan,42,47,Puneri Paltan,Lucknow
229,UP Yoddha,Jaipur Pink Panthers,22,24,Jaipur Pink Panthers,Lucknow
230,Gujarat Fortune Giants,Puneri Paltan,35,21,Gujarat Fortune Giants,Lucknow
231,UP Yoddha,Bengal Warriors,31,32,Bengal Warriors,Lucknow
232,Haryana Steelers,Dabang Delhi,27,25,Haryana Steelers,Lucknow
233,UP Yoddha,Tamil Thalaivas,33,33,TIE,Lucknow
234,UP Yoddha,Telugu Titans,25,23,UP Yoddha,Lucknow
235,U Mumba,Jaipur Pink Panthers,36,39,Jaipur Pink Panthers,Mumbai
236,Bengal Warriors,Patna Pirates,36,36,TIE,Mumbai
237,Patna Pirates,Tamil Thalaivas,35,24,Patna Pirates,Mumbai
238,U Mumba,Puneri Paltan,24,26,Puneri Paltan,Mumbai
239,Bengal Warriors,Bengaluru Bulls,32,26,Bengal Warriors,Mumbai
240,U Mumba,Dabang Delhi,32,33,Dabang Delhi,Mumbai
241,Bengaluru Bulls,UP Yoddha,0,0,TIE,Mumbai
242,U Mumba,Gujarat Fortune Giants,0,0,TIE,Mumbai
243,U Mumba,Haryana Steelers,38,32,U Mumba,Mumbai
244,Telugu Titans,Tamil Thalaivas,33,28,Telugu Titans,Mumbai
245,U Mumba,Jaipur Pink Panthers,36,32,U Mumba,Mumbai
246,Bengal Warriors,Patna Pirates,41,38,Bengal Warriors,Kolkata
247,Gujarat Fortune Giants,Haryana Steelers,36,42,Haryana Steelers,Kolkata
248,Bengal Warriors,UP Yoddha,26,26,TIE,Kolkata
249,Gujarat Fortune Giants,Jaipur Pink Panthers,25,31,Jaipur Pink Panthers,Kolkata
250,Bengal Warriors,Tamil Thalaivas,29,25,Bengal Warriors,Kolkata
251,Patna Pirates,Jaipur Pink Panthers,47,20,Patna Pirates,Kolkata
252,Bengal Warriors,Haryana Steelers,29,36,Haryana Steelers,Kolkata
253,Dabang Delhi,Bengaluru Bulls,38,30,Dabang Delhi,Kolkata
254,Bengal Warriors,U Mumba,31,37,U Mumba,Kolkata
255,Telugu Titans,Puneri Paltan,37,42,Puneri Paltan,Kolkata
256,Bengal Warriors,Dabang Delhi,31,31,TIE,Kolkata
257,Haryana Steelers,Patna Pirates,41,41,TIE,Sonepat
258,Gujarat Fortune Giants,UP Yoddha,30,30,TIE,Sonepat
259,Patna Pirates,U Mumba,41,51,U Mumba,Sonepat
260,Haryana Steelers,Bengaluru Bulls,38,31,Haryana Steelers,Sonepat
261,Bengaluru Bulls,Puneri Paltan,24,20,Bengaluru Bulls,Sonepat
262,Haryana Steelers,Telugu Titans,19,37,Telugu Titans,Sonepat
263,Bengal Warriors,Telugu Titans,32,31,Bengal Warriors,Sonepat
264,Haryana Steelers,Dabang Delhi,27,24,Haryana Steelers,Sonepat
265,Tamil Thalaivas,UP Yoddha,34,33,Tamil Thalaivas,Sonepat
266,Haryana Steelers,Puneri Paltan,22,38,Puneri Paltan,Sonepat
267,Haryana Steelers,Jaipur Pink Panthers,27,27,TIE,Sonepat
268,Patna Pirates,Telugu Titans,46,30,Patna Pirates,Ranchi
269,U Mumba,Gujarat Fortune Giants,28,39,Gujarat Fortune Giants,Ranchi
270,Bengaluru Bulls,Telugu Titans,26,26,TIE,Ranchi
271,Patna Pirates,UP Yoddha,45,42,Patna Pirates,Ranchi
272,Jaipur Pink Panthers,Dabang Delhi,36,25,Jaipur Pink Panthers,Ranchi
273,Patna Pirates,Bengal Warriors,37,37,TIE,Ranchi
274,Puneri Paltan,Haryana Steelers,37,25,Puneri Paltan,Ranchi
275,Patna Pirates,Bengaluru Bulls,36,32,Patna Pirates,Ranchi
276,U Mumba,Gujarat Fortune Giants,23,45,Gujarat Fortune Giants,Ranchi
277,Patna Pirates,Tamil Thalaivas,41,39,Patna Pirates,Ranchi
278,Jaipur Pink Panthers,Haryana Steelers,26,30,Haryana Steelers,Ranchi
279,Patna Pirates,UP Yoddha,41,46,UP Yoddha,Ranchi
280,Dabang Delhi,U Mumba,28,30,U Mumba,New Delhi
281,Bengaluru Bulls,Bengal Warriors,29,33,Bengal Warriors,New Delhi
282,Dabang Delhi,Puneri Paltan,29,34,Puneri Paltan,New Delhi
283,Bengal Warriors,Tamil Thalaivas,32,33,Tamil Thalaivas,New Delhi
284,Dabang Delhi,Haryana Steelers,24,42,Haryana Steelers,New Delhi
285,Gujarat Fortune Giants,Tamil Thalaivas,34,35,Tamil Thalaivas,New Delhi
286,Dabang Delhi,Patna Pirates,34,36,Patna Pirates,New Delhi
287,Telugu Titans,Jaipur Pink Panthers,41,34,Telugu Titans,New Delhi
288,Dabang Delhi,UP Yoddha,16,45,UP Yoddha,New Delhi
289,Bengaluru Bulls,U Mumba,30,42,U Mumba,New Delhi
290,Dabang Delhi,Telugu Titans,22,44,Telugu Titans,New Delhi
291,Tamil Thalaivas,Puneri Paltan,20,33,Puneri Paltan,Chennai
292,Gujarat Fortune Giants,Patna Pirates,30,29,Gujarat Fortune Giants,Chennai
293,Puneri Paltan,UP Yoddha,34,33,Puneri Paltan,Chennai
294,Tamil Thalaivas,Jaipur Pink Panthers,26,27,Jaipur Pink Panthers,Chennai
295,Jaipur Pink Panthers,Bengal Warriors,31,32,Bengal Warriors,Chennai
296,Tamil Thalaivas,U Mumba,30,33,U Mumba,Chennai
297,Dabang Delhi,Gujarat Fortune Giants,22,42,Gujarat Fortune Giants,Chennai
298,Tamil Thalaivas,Telugu Titans,37,58,Telugu Titans,Chennai
299,U Mumba,Haryana Steelers,30,41,Haryana Steelers,Chennai
300,Tamil Thalaivas,UP Yoddha,33,37,UP Yoddha,Chennai
301,Tamil Thalaivas,Bengaluru Bulls,35,45,Bengaluru Bulls,Chennai
302,Jaipur Pink Panthers,Gujarat Fortune Giants,23,29,Gujarat Fortune Giants,Jaipur
303,Puneri Paltan,Bengal Warriors,19,25,Bengal Warriors,Jaipur
304,Haryana Steelers,Telugu Titans,32,30,Haryana Steelers,Jaipur
305,Jaipur Pink Panthers,U Mumba,36,32,Jaipur Pink Panthers,Jaipur
306,Gujarat Fortune Giants,Patna Pirates,33,29,Gujarat Fortune Giants,Jaipur
307,Jaipur Pink Panthers,Puneri Paltan,30,38,Puneri Paltan,Jaipur
308,U Mumba,Tamil Thalaivas,35,38,Tamil Thalaivas,Jaipur
309,Jaipur Pink Panthers,Dabang Delhi,34,35,Dabang Delhi,Jaipur
310,Dabang Delhi,Bengaluru Bulls,32,35,Bengaluru Bulls,Jaipur
311,Jaipur Pink Panthers,Haryana Steelers,27,37,Haryana Steelers,Jaipur
312,Jaipur Pink Panthers,UP Yoddha,32,53,UP Yoddha,Jaipur
313,Puneri Paltan,Gujarat Fortune Giants,20,44,Gujarat Fortune Giants,Pune
314,Bengal Warriors,Tamil Thalaivas,34,30,Bengal Warriors,Pune
315,Tamil Thalaivas,Patna Pirates,40,37,Tamil Thalaivas,Pune
316,Puneri Paltan,U Mumba,43,24,Puneri Paltan,Pune
317,Bengaluru Bulls,UP Yoddha,38,32,Bengaluru Bulls,Pune
318,Puneri Paltan,Dabang Delhi,34,31,Puneri Paltan,Pune
319,Bengaluru Bulls,UP Yoddha,64,24,Bengaluru Bulls,Pune
320,Puneri Paltan,Haryana Steelers,27,31,Haryana Steelers,Pune
321,Patna Pirates,Bengaluru Bulls,29,29,TIE,Pune
322,Puneri Paltan,Jaipur Pink Panthers,38,15,Puneri Paltan,Pune
323,Telugu Titans,Bengal Warriors,37,37,TIE,Pune
324,Puneri Paltan,Gujarat Fortune Giants,22,23,Gujarat Fortune Giants,Pune
325,Tamil Thalaivas,Patna Pirates,42,26,Tamil Thalaivas,Chennai
326,Puneri Paltan,U Mumba,32,32,TIE,Chennai
327,Puneri Paltan,Haryana Steelers,34,22,Puneri Paltan,Chennai
328,Tamil Thalaivas,UP Yoddha,32,37,UP Yoddha,Chennai
329,Dabang Delhi,Gujarat Fortune Giants,32,32,TIE,Chennai
330,Tamil Thalaivas,Telugu Titans,28,33,Telugu Titans,Chennai
331,U Mumba,Jaipur Pink Panthers,39,32,U Mumba,Chennai
332,Tamil Thalaivas,Bengaluru Bulls,37,48,Bengaluru Bulls,Chennai
333,UP Yoddha,Patna Pirates,41,43,Patna Pirates,Chennai
334,Tamil Thalaivas,Bengal Warriors,27,36,Bengal Warriors,Chennai
335,Haryana Steelers,Gujarat Fortune Giants,36,25,Haryana Steelers,Sonepat
336,Puneri Paltan,Dabang Delhi,37,41,Dabang Delhi,Sonepat
337,Telugu Titans,UP Yoddha,34,29,Telugu Titans,Sonepat
338,Haryana Steelers,U Mumba,26,53,U Mumba,Sonepat
339,Patna Pirates,UP Yoddha,43,37,Patna Pirates,Sonepat
340,Haryana Steelers,Puneri Paltan,27,45,Puneri Paltan,Sonepat
341,Bengal Warriors,Telugu Titans,30,25,Bengal Warriors,Sonepat
342,Haryana Steelers,Jaipur Pink Panthers,33,36,Jaipur Pink Panthers,Sonepat
343,Bengaluru Bulls,Tamil Thalaivas,44,35,Bengaluru Bulls,Sonepat
344,Haryana Steelers,U Mumba,32,42,U Mumba,Sonepat
345,Haryana Steelers,Dabang Delhi,34,31,Haryana Steelers,Sonepat
346,Puneri Paltan,Gujarat Fortune Giants,28,34,Gujarat Fortune Giants,Pune
347,Patna Pirates,Telugu Titans,31,35,Telugu Titans,Pune
348,Puneri Paltan,Jaipur Pink Panthers,29,25,Puneri Paltan,Pune
349,UP Yoddha,Bengal Warriors,40,40,TIE,Pune
350,Puneri Paltan,U Mumba,33,32,Puneri Paltan,Pune
351,Dabang Delhi,Bengal Warriors,39,30,Dabang Delhi,Pune
352,Puneri Paltan,Bengaluru Bulls,27,25,Puneri Paltan,Pune
353,U Mumba,Telugu Titans,41,20,U Mumba,Pune
354,Puneri Paltan,Tamil Thalaivas,31,36,Tamil Thalaivas,Pune
355,Bengaluru Bulls,Haryana Steelers,42,34,Bengaluru Bulls,Pune
356,Puneri Paltan,UP Yoddha,23,29,UP Yoddha,Pune
357,Patna Pirates,Jaipur Pink Panthers,41,30,Patna Pirates,Patna
358,Gujarat Fortune Giants,Tamil Thalaivas,36,25,Gujarat Fortune Giants,Patna
359,Jaipur Pink Panthers,Bengal Warriors,28,39,Bengal Warriors,Patna
360,Patna Pirates,U Mumba,39,40,U Mumba,Patna
361,Dabang Delhi,UP Yoddha,36,38,UP Yoddha,Patna
362,Patna Pirates,Haryana Steelers,32,43,Haryana Steelers,Patna
363,Puneri Paltan,Gujarat Fortune Giants,27,37,Gujarat Fortune Giants,Patna
364,Patna Pirates,Telugu Titans,32,53,Telugu Titans,Patna
365,Dabang Delhi,Puneri Paltan,27,31,Puneri Paltan,Patna
366,Patna Pirates,Bengaluru Bulls,41,43,Bengaluru Bulls,Patna
367,Patna Pirates,Bengal Warriors,29,27,Patna Pirates,Patna
368,UP Yoddha,Tamil Thalaivas,24,46,Tamil Thalaivas,Greater Noida
369,Jaipur Pink Panthers,Gujarat Fortune Giants,25,36,Gujarat Fortune Giants,Greater Noida
370,U Mumba,Puneri Paltan,31,22,U Mumba,Greater Noida
371,UP Yoddha,Bengaluru Bulls,29,35,Bengaluru Bulls,Greater Noida
372,Dabang Delhi,Gujarat Fortune Giants,38,45,Gujarat Fortune Giants,Greater Noida
373,UP Yoddha,Bengal Warriors,30,30,TIE,Greater Noida
374,Jaipur Pink Panthers,Haryana Steelers,38,32,Jaipur Pink Panthers,Greater Noida
375,UP Yoddha,Telugu Titans,26,26,TIE,Greater Noida
376,Haryana Steelers,Dabang Delhi,33,39,Dabang Delhi,Greater Noida
377,UP Yoddha,Bengaluru Bulls,27,37,Bengaluru Bulls,Greater Noida
378,U Mumba,Jaipur Pink Panthers,48,24,U Mumba,Mumbai
379,Bengal Warriors,Telugu Titans,30,25,Bengal Warriors,Mumbai
380,Patna Pirates,Bengal Warriors,50,30,Patna Pirates,Mumbai
381,U Mumba,Gujarat Fortune Giants,36,38,Gujarat Fortune Giants,Mumbai
382,Jaipur Pink Panthers,Dabang Delhi,29,40,Dabang Delhi,Mumbai
383,U Mumba,Haryana Steelers,31,35,Haryana Steelers,Mumbai
384,Puneri Paltan,Telugu Titans,25,28,Telugu Titans,Mumbai
385,U Mumba,UP Yoddha,41,24,U Mumba,Mumbai
386,Tamil Thalaivas,Haryana Steelers,32,32,TIE,Mumbai
387,U Mumba,Bengaluru Bulls,32,29,U Mumba,Mumbai
388,Patna Pirates,Dabang Delhi,38,35,Patna Pirates,Mumbai
389,U Mumba,Tamil Thalaivas,36,22,U Mumba,Mumbai
390,Gujarat Fortune Giants,Bengal Warriors,35,23,Gujarat Fortune Giants,Ahmedabad
391,Jaipur Pink Panthers,UP Yoddha,45,28,Jaipur Pink Panthers,Ahmedabad
392,Puneri Paltan,Bengal Warriors,22,26,Bengal Warriors,Ahmedabad
393,Gujarat Fortune Giants,Bengaluru Bulls,30,30,TIE,Ahmedabad
394,Jaipur Pink Panthers,Bengaluru Bulls,32,45,Bengaluru Bulls,Ahmedabad
395,Gujarat Fortune Giants,UP Yoddha,37,32,Gujarat Fortune Giants,Ahmedabad
396,Tamil Thalaivas,Telugu Titans,27,23,Tamil Thalaivas,Ahmedabad
397,Gujarat Fortune Giants,Dabang Delhi,26,29,Dabang Delhi,Ahmedabad
398,Patna Pirates,Tamil Thalaivas,45,27,Patna Pirates,Ahmedabad
399,Gujarat Fortune Giants,U Mumba,39,35,Gujarat Fortune Giants,Ahmedabad
400,Gujarat Fortune Giants,Haryana Steelers,40,31,Gujarat Fortune Giants,Ahmedabad
401,Bengaluru Bulls,Bengal Warriors,31,33,Bengal Warriors,Pune
402,Jaipur Pink Panthers,Puneri Paltan,30,30,TIE,Pune
403,U Mumba,Dabang Delhi,39,23,U Mumba,Pune
404,Bengaluru Bulls,Tamil Thalaivas,36,22,Bengaluru Bulls,Pune
405,Dabang Delhi,Haryana Steelers,27,34,Haryana Steelers,Pune
406,Bengaluru Bulls,Patna Pirates,32,35,Patna Pirates,Pune
407,Tamil Thalaivas,Telugu Titans,31,25,Tamil Thalaivas,Pune
408,Bengaluru Bulls,UP Yoddha,37,27,Bengaluru Bulls,Pune
409,Haryana Steelers,Puneri Paltan,33,35,Puneri Paltan,Pune
410,Bengaluru Bulls,Telugu Titans,34,26,Bengaluru Bulls,Pune
411,Puneri Paltan,Gujarat Fortune Giants,20,35,Gujarat Fortune Giants,Pune
412,Bengaluru Bulls,Bengal Warriors,37,44,Bengal Warriors,Pune
413,Dabang Delhi,Jaipur Pink Panthers,48,35,Dabang Delhi,New Delhi
414,Tamil Thalaivas,Patna Pirates,35,35,TIE,New Delhi
415,Dabang Delhi,U Mumba,34,41,U Mumba,New Delhi
416,U Mumba,Gujarat Fortune Giants,36,26,U Mumba,New Delhi
417,Dabang Delhi,Puneri Paltan,35,24,Dabang Delhi,New Delhi
418,Patna Pirates,Gujarat Fortune Giants,27,45,Gujarat Fortune Giants,New Delhi
419,Dabang Delhi,Telugu Titans,34,29,Dabang Delhi,New Delhi
420,Haryana Steelers,Bengal Warriors,35,33,Haryana Steelers,New Delhi
421,Dabang Delhi,Bengaluru Bulls,32,31,Dabang Delhi,New Delhi
422,UP Yoddha,Haryana Steelers,30,29,UP Yoddha,New Delhi
423,Dabang Delhi,Tamil Thalaivas,37,33,Dabang Delhi,New Delhi
424,Telugu Titans,Gujarat Fortune Giants,27,29,Gujarat Fortune Giants,Vijag
425,Patna Pirates,Puneri Paltan,53,36,Patna Pirates,Vijag
426,U Mumba,Bengal Warriors,31,20,U Mumba,Vijag
427,Telugu Titans,Jaipur Pink Panthers,36,26,Telugu Titans,Vijag
428,Tamil Thalaivas,Jaipur Pink Panthers,24,37,Jaipur Pink Panthers,Vijag
429,Telugu Titans,Haryana Steelers,35,31,Telugu Titans,Vijag
430,Dabang Delhi,U Mumba,19,44,U Mumba,Vijag
431,Telugu Titans,UP Yoddha,20,27,UP Yoddha,Vijag
432,Haryana Steelers,Gujarat Fortune Giants,37,47,Gujarat Fortune Giants,Vijag
433,Telugu Titans,Bengaluru Bulls,24,37,Bengaluru Bulls,Vijag
434,Telugu Titans,Patna Pirates,41,36,Telugu Titans,Vijag
435,Jaipur Pink Panthers,Puneri Paltan,36,23,Jaipur Pink Panthers,Panchkula
436,Bengal Warriors,Tamil Thalaivas,28,21,Bengal Warriors,Panchkula
437,UP Yoddha,Tamil Thalaivas,25,25,TIE,Panchkula
438,Jaipur Pink Panthers,U Mumba,35,35,TIE,Panchkula
439,Patna Pirates,UP Yoddha,31,47,UP Yoddha,Panchkula
440,Jaipur Pink Panthers,Gujarat Fortune Giants,29,34,Gujarat Fortune Giants,Panchkula
441,Bengaluru Bulls,Telugu Titans,44,28,Bengaluru Bulls,Panchkula
442,Jaipur Pink Panthers,Haryana Steelers,39,30,Jaipur Pink Panthers,Panchkula
443,Patna Pirates,Bengaluru Bulls,40,40,TIE,Panchkula
444,Jaipur Pink Panthers,Gujarat Fortune Giants,31,33,Gujarat Fortune Giants,Panchkula
445,Jaipur Pink Panthers,Dabang Delhi,37,37,TIE,Panchkula
446,Bengal Warriors,Tamil Thalaivas,27,24,Bengal Warriors,Kolkata
447,Puneri Paltan,Telugu Titans,35,20,Puneri Paltan,Kolkata
448,U Mumba,UP Yoddha,32,34,UP Yoddha,Kolkata
449,Bengal Warriors,Patna Pirates,39,23,Bengal Warriors,Kolkata
450,Bengal Warriors,Dabang Delhi,31,37,Dabang Delhi,Kolkata
451,Haryana Steelers,Tamil Thalaivas,40,40,TIE,Kolkata
452,Bengal Warriors,Telugu Titans,39,34,Bengal Warriors,Kolkata
453,Gujarat Fortune Giants,Patna Pirates,37,29,Gujarat Fortune Giants,Kolkata
454,Bengal Warriors,Bengaluru Bulls,37,31,Bengal Warriors,Kolkata
455,Jaipur Pink Panthers,Bengaluru Bulls,32,40,Bengaluru Bulls,Kolkata
456,Bengal Warriors,UP Yoddha,25,41,UP Yoddha,Kolkata
457,Telugu Titans,U Mumba,25,31,U Mumba,Hyderabad
458,Bengaluru Bulls,Patna Pirates,34,32,Bengaluru Bulls,Hyderabad
459,Bengaluru Bulls,Gujarat Fortune Giants,24,42,Gujarat Fortune Giants,Hyderabad
460,Telugu Titans,Tamil Thalaivas,26,39,Tamil Thalaivas,Hyderabad
461,U Mumba,Jaipur Pink Panthers,23,42,Jaipur Pink Panthers,Hyderabad
462,Puneri Paltan,Haryana Steelers,24,34,Haryana Steelers,Hyderabad
463,UP Yoddha,Bengal Warriors,17,48,Bengal Warriors,Hyderabad
464,Telugu Titans,Dabang Delhi,33,34,Dabang Delhi,Hyderabad
465,Dabang Delhi,Tamil Thalaivas,30,29,Dabang Delhi,Hyderabad
466,UP Yoddha,Gujarat Fortune Giants,19,44,Gujarat Fortune Giants,Hyderabad
467,Telugu Titans,Patna Pirates,22,34,Patna Pirates,Hyderabad
468,U Mumba,Puneri Paltan,33,23,U Mumba,Mumbai
469,Jaipur Pink Panthers,Bengal Warriors,27,25,Jaipur Pink Panthers,Mumbai
470,Dabang Delhi,Haryana Steelers,41,21,Dabang Delhi,Mumbai
471,U Mumba,Bengaluru Bulls,26,30,Bengaluru Bulls,Mumbai
472,Tamil Thalaivas,Patna Pirates,23,24,Patna Pirates,Mumbai
473,Bengal Warriors,Puneri Paltan,43,23,Bengal Warriors,Mumbai
474,Haryana Steelers,Jaipur Pink Panthers,21,37,Jaipur Pink Panthers,Mumbai
475,U Mumba,UP Yoddha,23,27,UP Yoddha,Mumbai
476,Gujarat Fortune Giants,Dabang Delhi,31,26,Gujarat Fortune Giants,Mumbai
477,Telugu Titans,UP Yoddha,20,20,TIE,Mumbai
478,U Mumba,Gujarat Fortune Giants,32,20,U Mumba,Mumbai
479,Patna Pirates,Jaipur Pink Panthers,21,34,Jaipur Pink Panthers,Patna
480,Bengal Warriors,Bengaluru Bulls,42,43,Bengaluru Bulls,Patna
481,Haryana Steelers,Tamil Thalaivas,28,35,Tamil Thalaivas,Patna
482,Patna Pirates,Puneri Paltan,20,41,Puneri Paltan,Patna
483,Dabang Delhi,Jaipur Pink Panthers,35,24,Dabang Delhi,Patna
484,Gujarat Fortune Giants,Puneri Paltan,31,33,Puneri Paltan,Patna
485,UP Yoddha,Tamil Thalaivas,28,28,TIE,Patna
486,Patna Pirates,Haryana Steelers,26,35,Haryana Steelers,Patna
487,Telugu Titans,Bengaluru Bulls,26,47,Bengaluru Bulls,Patna
488,Bengal Warriors,U Mumba,32,30,Bengal Warriors,Patna
489,Patna Pirates,UP Yoddha,41,20,Patna Pirates,Patna
490,Gujarat Fortune Giants,Tamil Thalaivas,28,34,Tamil Thalaivas,Ahmedabad
491,Puneri Paltan,Dabang Delhi,30,32,Dabang Delhi,Ahmedabad
492,Bengaluru Bulls,Haryana Steelers,30,33,Haryana Steelers,Ahmedabad
493,Gujarat Fortune Giants,Telugu Titans,24,30,Telugu Titans,Ahmedabad
494,Bengal Warriors,Telugu Titans,29,29,TIE,Ahmedabad
495,UP Yoddha,Bengaluru Bulls,35,33,UP Yoddha,Ahmedabad
496,UP Yoddha,Haryana Steelers,33,36,Haryana Steelers,Ahmedabad
497,Gujarat Fortune Giants,Bengal Warriors,26,28,Bengal Warriors,Ahmedabad
498,Jaipur Pink Panthers,Puneri Paltan,33,25,Jaipur Pink Panthers,Ahmedabad
499,U Mumba,Patna Pirates,34,30,U Mumba,Ahmedabad
500,Gujarat Fortune Giants,Jaipur Pink Panthers,19,22,Jaipur Pink Panthers,Ahmedabad
501,Tamil Thalaivas,Bengaluru Bulls,21,32,Bengaluru Bulls,Chennai
502,Bengal Warriors,Dabang Delhi,30,30,TIE,Chennai
503,Haryana Steelers,Telugu Titans,29,40,Telugu Titans,Chennai
504,Tamil Thalaivas,Puneri Paltan,31,31,TIE,Chennai
505,U Mumba,Haryana Steelers,27,30,Haryana Steelers,Chennai
506,UP Yoddha,Jaipur Pink Panthers,31,24,UP Yoddha,Chennai
507,Puneri Paltan,Bengaluru Bulls,31,23,Puneri Paltan,Chennai
508,Tamil Thalaivas,Jaipur Pink Panthers,26,28,Jaipur Pink Panthers,Chennai
509,Bengal Warriors,Patna Pirates,35,26,Bengal Warriors,Chennai
510,Gujarat Fortune Giants,Patna Pirates,29,26,Gujarat Fortune Giants,Chennai
511,Tamil Thalaivas,U Mumba,24,29,U Mumba,Chennai
512,Dabang Delhi,Bengaluru Bulls,33,31,Dabang Delhi,New Delhi
513,Jaipur Pink Panthers,Telugu Titans,21,24,Telugu Titans,New Delhi
514,Jaipur Pink Panthers,Bengaluru Bulls,30,41,Bengaluru Bulls,New Delhi
515,Dabang Delhi,UP Yoddha,36,27,Dabang Delhi,New Delhi
516,Bengal Warriors,Haryana Steelers,33,36,Haryana Steelers,New Delhi
517,UP Yoddha,Puneri Paltan,35,30,UP Yoddha,New Delhi
518,Gujarat Fortune Giants,Haryana Steelers,25,41,Haryana Steelers,New Delhi
519,Dabang Delhi,U Mumba,40,24,Dabang Delhi,New Delhi
520,Bengal Warriors,Tamil Thalaivas,35,26,Bengal Warriors,New Delhi
521,Telugu Titans,Puneri Paltan,27,34,Puneri Paltan,New Delhi
522,Dabang Delhi,Patna Pirates,38,35,Dabang Delhi,New Delhi
523,Bengaluru Bulls,Gujarat Fortune Giants,23,32,Gujarat Fortune Giants,Banglore
524,U Mumba,Jaipur Pink Panthers,47,21,U Mumba,Banglore
525,UP Yoddha,Bengal Warriors,32,29,UP Yoddha,Banglore
526,Bengaluru Bulls,Tamil Thalaivas,33,27,Bengaluru Bulls,Banglore
527,Puneri Paltan,Haryana Steelers,27,41,Haryana Steelers,Banglore
528,Telugu Titans,Tamil Thalaivas,35,30,Telugu Titans,Banglore
529,Jaipur Pink Panthers,Dabang Delhi,44,46,Dabang Delhi,Banglore
530,Bengaluru Bulls,Patna Pirates,40,39,Bengaluru Bulls,Banglore
531,Puneri Paltan,U Mumba,33,33,TIE,Banglore
532,Patna Pirates,UP Yoddha,29,41,UP Yoddha,Banglore
533,Bengaluru Bulls,Telugu Titans,40,39,Bengaluru Bulls,Banglore
534,Bengal Warriors,Gujarat Fortune Giants,25,25,TIE,Kolkata
535,Dabang Delhi,Haryana Steelers,25,47,Haryana Steelers,Kolkata
536,Dabang Delhi,Tamil Thalaivas,50,34,Dabang Delhi,Kolkata
537,Bengal Warriors,Puneri Paltan,42,39,Bengal Warriors,Kolkata
538,UP Yoddha,Gujarat Fortune Giants,33,26,UP Yoddha,Kolkata
539,Tamil Thalaivas,Patna Pirates,25,51,Patna Pirates,Kolkata
540,Haryana Steelers,Jaipur Pink Panthers,32,32,TIE,Kolkata
541,Bengal Warriors,U Mumba,29,26,Bengal Warriors,Kolkata
542,Jaipur Pink Panthers,Patna Pirates,33,36,Patna Pirates,Kolkata
543,Telugu Titans,U Mumba,27,41,U Mumba,Kolkata
544,Bengal Warriors,Bengaluru Bulls,42,40,Bengal Warriors,Kolkata
545,Puneri Paltan,Gujarat Fortune Giants,43,33,Puneri Paltan,Pune
546,Tamil Thalaivas,Haryana Steelers,35,43,Haryana Steelers,Pune
547,Dabang Delhi,Gujarat Fortune Giants,34,30,Dabang Delhi,Pune
548,Puneri Paltan,Patna Pirates,33,55,Patna Pirates,Pune
549,Jaipur Pink Panthers,UP Yoddha,32,38,UP Yoddha,Pune
550,Telugu Titans,Dabang Delhi,29,37,Dabang Delhi,Pune
551,U Mumba,UP Yoddha,39,36,U Mumba,Pune
552,Puneri Paltan,Tamil Thalaivas,36,36,TIE,Pune
553,Bengal Warriors,Haryana Steelers,48,36,Bengal Warriors,Pune
554,Telugu Titans,Patna Pirates,42,42,TIE,Pune
555,Puneri Paltan,Bengaluru Bulls,42,38,Puneri Paltan,Pune
556,Jaipur Pink Panthers,Gujarat Fortune Giants,28,28,TIE,Jaipur
557,UP Yoddha,Tamil Thalaivas,42,22,UP Yoddha,Jaipur
558,U Mumba,Gujarat Fortune Giants,31,25,U Mumba,Jaipur
559,Jaipur Pink Panthers,Bengal Warriors,40,41,Bengal Warriors,Jaipur
560,Patna Pirates,Haryana Steelers,34,39,Haryana Steelers,Jaipur
561,Dabang Delhi,Bengaluru Bulls,39,39,TIE,Jaipur
,Telugu Titans,Bengal Warriors,39,40,Bengal Warriors,Jaipur
,Jaipur Pink Panthers,Puneri Paltan,43,34,Jaipur Pink Panthers,Jaipur
,Patna Pirates,Dabang Delhi,39,43,Dabang Delhi,Jaipur
,U Mumba,Bengaluru Bulls,33,35,Bengaluru Bulls,Jaipur
,Jaipur Pink Panthers,Telugu Titans,31,51,Telugu Titans,Jaipur
,Haryana Steelers,UP Yoddha,30,37,UP Yoddha,Panchkula
,Gujarat Fortune Giants,Tamil Thalaivas,50,21,Gujarat Fortune Giants,Panchkula
,Puneri Paltan,Dabang Delhi,40,60,Dabang Delhi,Panchkula
,Haryana Steelers,Gujarat Fortune Giants,38,37,Haryana Steelers,Panchkula
,Bengal Warriors,Dabang Delhi,42,33,Bengal Warriors,Panchkula