,Unnamed: 0,Team 1,Team 2,Venue,Winner
0,0,Tamil Thalaivas,U Mumba,Panchkula,U Mumba
1,1,U Mumba,Patna Pirates,Panchkula,U Mumba
2,2,Haryana Steelers,Bengaluru Bulls,Panchkula,U Mumba
3,3,Telugu Titans,Puneri Paltan,Panchkula,U Mumba
4,4,Jaipur Pink Panthers,Bengaluru Bulls,Panchkula,Bengaluru Bulls
5,5,Haryana Steelers,Telugu Titans,Panchkula,Haryana Steelers
6,6,UP Yoddha,Dabang Delhi,Greater Noida,Dabang Delhi
7,7,Gujarat Fortune Giants,Patna Pirates,Greater Noida,Gujarat Fortune Giants
8,8,Bengal Warriors,Patna Pirates,Greater Noida,Bengal Warriors
9,9,UP Yoddha,Puneri Paltan,Greater Noida,UP Yoddha
10,10,Telugu Titans,Gujarat Fortune Giants,Greater Noida,Gujarat Fortune Giants
11,11,Tamil Thalaivas,Jaipur Pink Panthers,Greater Noida,Gujarat Fortune Giants
12,12,Bengal Warriors,Tamil Thalaivas,Greater Noida,Bengal Warriors
13,13,UP Yoddha,Telugu Titans,Greater Noida,UP Yoddha
14,14,U Mumba,Haryana Steelers,Greater Noida,U Mumba
15,15,Dabang Delhi,U Mumba,Greater Noida,U Mumba
16,16,UP Yoddha,Bengaluru Bulls,Greater Noida,Bengaluru Bulls
