,Date,Team 1,Team 2,Team 1 Score,Team 2 Score,Winner,Venue
0, 20 July 2019 ,Telugu Titans,U Mumba,25,31,U Mumba,Hyderabad
1, 20 July 2019 ,Bengaluru Bulls,Patna Pirates,34,32,Bengaluru Bulls,Hyderabad
2, 21 July 2019 ,Bengaluru Bulls,Gujarat Fortune Giants,24,42,Gujarat Fortune Giants,Hyderabad
3, 21 July 2019 ,Telugu Titans,Tamil Thalaivas,26,39,Tamil Thalaivas,Hyderabad
4, 22 July 2019 ,U Mumba,Jaipur Pink Panthers,23,42,Jaipur Pink Panthers,Hyderabad
5, 22 July 2019 ,Puneri Paltan,Haryana Steelers,24,34,Haryana Steelers,Hyderabad
6, 24 July 2019 ,UP Yoddha,Bengal Warriors,17,48,Bengal Warriors,Hyderabad
7, 24 July 2019 ,Telugu Titans,Dabang Delhi,33,34,Dabang Delhi,Hyderabad
8, 25 July 2019 ,Dabang Delhi,Tamil Thalaivas,30,29,Dabang Delhi,Hyderabad
9, 26 July 2019 ,UP Yoddha,Gujarat Fortune Giants,19,44,Gujarat Fortune Giants,Hyderabad
10, 26 July 2019 ,Telugu Titans,Patna Pirates,22,34,Patna Pirates,Hyderabad
11, 27 July 2019 ,U Mumba,Puneri Paltan,33,23,U Mumba,Mumbai
12, 27 July 2019 ,Jaipur Pink Panthers,Bengal Warriors,27,25,Jaipur Pink Panthers,Mumbai
13, 28 July 2019 ,Dabang Delhi,Haryana Steelers,41,21,Dabang Delhi,Mumbai
14, 28 July 2019 ,U Mumba,Bengaluru Bulls,26,30,Bengaluru Bulls,Mumbai
15, 29 July 2019 ,Tamil Thalaivas,Patna Pirates,23,24,Patna Pirates,Mumbai
16, 29 July 2019 ,Bengal Warriors,Puneri Paltan,43,23,Bengal Warriors,Mumbai
17, 31 July 2019 ,Haryana Steelers,Jaipur Pink Panthers,21,37,Jaipur Pink Panthers,Mumbai
18, 31 July 2019 ,U Mumba,UP Yoddha,23,27,UP Yoddha,Mumbai
19, 1 August 2019 ,Gujarat Fortune Giants,Dabang Delhi,31,26,Gujarat Fortune Giants,Mumbai
20, 2 August 2019 ,Telugu Titans,UP Yoddha,20,20,TIE,Mumbai
21, 2 August 2019 ,U Mumba,Gujarat Fortune Giants,32,20,U Mumba,Mumbai
22, 3 August 2019 ,Patna Pirates,Jaipur Pink Panthers,21,34,Jaipur Pink Panthers,Patna
23, 3 August 2019 ,Bengal Warriors,Bengaluru Bulls,42,43,Bengaluru Bulls,Patna
24, 4 August 2019 ,Haryana Steelers,Tamil Thalaivas,28,35,Tamil Thalaivas,Patna
25, 4 August 2019 ,Patna Pirates,Puneri Paltan,20,41,Puneri Paltan,Patna
26, 5 August 2019 ,Dabang Delhi,Jaipur Pink Panthers,35,24,Dabang Delhi,Patna
27, 5 August 2019 ,Gujarat Fortune Giants,Puneri Paltan,31,33,Puneri Paltan,Patna
28, 7 August 2019 ,UP Yoddha,Tamil Thalaivas,28,28,TIE,Patna
29, 7 August 2019 ,Patna Pirates,Haryana Steelers,26,35,Haryana Steelers,Patna
30, 8 August 2019 ,Telugu Titans,Bengaluru Bulls,26,47,Bengaluru Bulls,Patna
31, 9 August 2019 ,Bengal Warriors,U Mumba,32,30,Bengal Warriors,Patna
32, 9 August 2019 ,Patna Pirates,UP Yoddha,41,20,Patna Pirates,Patna
33, 10 August 2019 ,Gujarat Fortune Giants,Tamil Thalaivas,28,34,Tamil Thalaivas,Ahmedabad
34, 10 August 2019 ,Puneri Paltan,Dabang Delhi,30,32,Dabang Delhi,Ahmedabad
35, 11 August 2019 ,Bengaluru Bulls,Haryana Steelers,30,33,Haryana Steelers,Ahmedabad
36, 11 August 2019 ,Gujarat Fortune Giants,Telugu Titans,24,30,Telugu Titans,Ahmedabad
37, 12 August 2019 ,Bengal Warriors,Telugu Titans,29,29,TIE,Ahmedabad
38, 12 August 2019 ,UP Yoddha,Bengaluru Bulls,35,33,UP Yoddha,Ahmedabad
39, 14 August 2019 ,UP Yoddha,Haryana Steelers,33,36,Haryana Steelers,Ahmedabad
40, 14 August 2019 ,Gujarat Fortune Giants,Bengal Warriors,26,28,Bengal Warriors,Ahmedabad
41, 15 August 2019 ,Jaipur Pink Panthers,Puneri Paltan,33,25,Jaipur Pink Panthers,Ahmedabad
42, 16 August 2019 ,U Mumba,Patna Pirates,34,30,U Mumba,Ahmedabad
43, 16 August 2019 ,Gujarat Fortune Giants,Jaipur Pink Panthers,19,22,Jaipur Pink Panthers,Ahmedabad
44, 17 August 2019 ,Tamil Thalaivas,Bengaluru Bulls,21,32,Bengaluru Bulls,Chennai
45, 17 August 2019 ,Bengal Warriors,Dabang Delhi,30,30,TIE,Chennai
46, 18 August 2019 ,Haryana Steelers,Telugu Titans,29,40,Telugu Titans,Chennai
47, 18 August 2019 ,Tamil Thalaivas,Puneri Paltan,31,31,TIE,Chennai
48, 19 August 2019 ,U Mumba,Haryana Steelers,27,30,Haryana Steelers,Chennai
49, 19 August 2019 ,UP Yoddha,Jaipur Pink Panthers,31,24,UP Yoddha,Chennai
50, 21 August 2019 ,Puneri Paltan,Bengaluru Bulls,31,23,Puneri Paltan,Chennai
51, 21 August 2019 ,Tamil Thalaivas,Jaipur Pink Panthers,26,28,Jaipur Pink Panthers,Chennai
52, 22 August 2019 ,Bengal Warriors,Patna Pirates,35,26,Bengal Warriors,Chennai
53, 23 August 2019 ,Gujarat Fortune Giants,Patna Pirates,29,26,Gujarat Fortune Giants,Chennai
54, 23 August 2019 ,Tamil Thalaivas,U Mumba,24,29,U Mumba,Chennai
55, 24 August 2019 ,Dabang Delhi,Bengaluru Bulls,33,31,Dabang Delhi,New Delhi
56, 24 August 2019 ,Jaipur Pink Panthers,Telugu Titans,21,24,Telugu Titans,New Delhi
57, 25 August 2019 ,Jaipur Pink Panthers,Bengaluru Bulls,30,41,Bengaluru Bulls,New Delhi
58, 25 August 2019 ,Dabang Delhi,UP Yoddha,36,27,Dabang Delhi,New Delhi
59, 26 August 2019 ,Bengal Warriors,Haryana Steelers,33,36,Haryana Steelers,New Delhi
60, 26 August 2019 ,UP Yoddha,Puneri Paltan,35,30,UP Yoddha,New Delhi
61, 28 August 2019 ,Gujarat Fortune Giants,Haryana Steelers,25,41,Haryana Steelers,New Delhi
62, 28 August 2019 ,Dabang Delhi,U Mumba,40,24,Dabang Delhi,New Delhi
63, 29 August 2019 ,Bengal Warriors,Tamil Thalaivas,35,26,Bengal Warriors,New Delhi
64, 30 August 2019 ,Telugu Titans,Puneri Paltan,27,34,Puneri Paltan,New Delhi
65, 30 August 2019 ,Dabang Delhi,Patna Pirates,38,35,Dabang Delhi,New Delhi
66, 31 August 2019 ,Bengaluru Bulls,Gujarat Fortune Giants,23,32,Gujarat Fortune Giants,Banglore
67, 31 August 2019 ,U Mumba,Jaipur Pink Panthers,47,21,U Mumba,Banglore
68, 1 September 2019 ,UP Yoddha,Bengal Warriors,32,29,UP Yoddha,Banglore
69, 1 September 2019 ,Bengaluru Bulls,Tamil Thalaivas,33,27,Bengaluru Bulls,Banglore
70, 2 September 2019 ,Puneri Paltan,Haryana Steelers,27,41,Haryana Steelers,Banglore
71, 2 September 2019 ,Telugu Titans,Tamil Thalaivas,35,30,Telugu Titans,Banglore
72, 4 September 2019 ,Jaipur Pink Panthers,Dabang Delhi,44,46,Dabang Delhi,Banglore
73, 4 September 2019 ,Bengaluru Bulls,Patna Pirates,40,39,Bengaluru Bulls,Banglore
74, 5 September 2019 ,Puneri Paltan,U Mumba,33,33,TIE,Banglore
75, 6 September 2019 ,Patna Pirates,UP Yoddha,29,41,UP Yoddha,Banglore
76, 6 September 2019 ,Bengaluru Bulls,Telugu Titans,40,39,Bengaluru Bulls,Banglore
77, 7 September 2019 ,Bengal Warriors,Gujarat Fortune Giants,25,25,TIE,Kolkata
78, 7 September 2019 ,Dabang Delhi,Haryana Steelers,25,47,Haryana Steelers,Kolkata
79, 8 September 2019 ,Dabang Delhi,Tamil Thalaivas,50,34,Dabang Delhi,Kolkata
80, 8 September 2019 ,Bengal Warriors,Puneri Paltan,42,39,Bengal Warriors,Kolkata
81, 9 September 2019 ,UP Yoddha,Gujarat Fortune Giants,33,26,UP Yoddha,Kolkata
82, 9 September 2019 ,Tamil Thalaivas,Patna Pirates,25,51,Patna Pirates,Kolkata
83, 11 September 2019 ,Haryana Steelers,Jaipur Pink Panthers,32,32,TIE,Kolkata
84, 11 September 2019 ,Bengal Warriors,U Mumba,29,26,Bengal Warriors,Kolkata
85, 12 September 2019 ,Jaipur Pink Panthers,Patna Pirates,33,36,Patna Pirates,Kolkata
86, 10 September 2019 ,Telugu Titans,U Mumba,27,41,U Mumba,Kolkata
87, 13 September 2019 ,Bengal Warriors,Bengaluru Bulls,42,40,Bengal Warriors,Kolkata
88, 14 September 2019 ,Puneri Paltan,Gujarat Fortune Giants,43,33,Puneri Paltan,Pune
89, 14 September 2019 ,Tamil Thalaivas,Haryana Steelers,35,43,Haryana Steelers,Pune
90, 15 September 2019 ,Dabang Delhi,Gujarat Fortune Giants,34,30,Dabang Delhi,Pune
91, 15 September 2019 ,Puneri Paltan,Patna Pirates,33,55,Patna Pirates,Pune
92, 16 September 2019 ,Jaipur Pink Panthers,UP Yoddha,32,38,UP Yoddha,Pune
93, 16 September 2019 ,Telugu Titans,Dabang Delhi,29,37,Dabang Delhi,Pune
94, 18 September 2019 ,U Mumba,UP Yoddha,39,36,U Mumba,Pune
95, 18 September 2019 ,Puneri Paltan,Tamil Thalaivas,36,36,TIE,Pune
96, 19 September 2019 ,Bengal Warriors,Haryana Steelers,48,36,Bengal Warriors,Pune
97, 20 September 2019 ,Telugu Titans,Patna Pirates,42,42,TIE,Pune
98, 20 September 2019 ,Puneri Paltan,Bengaluru Bulls,42,38,Puneri Paltan,Pune
99, 21 September 2019 ,Jaipur Pink Panthers,Gujarat Fortune Giants,28,28,TIE,Jaipur
100, 21 September 2019 ,UP Yoddha,Tamil Thalaivas,42,22,UP Yoddha,Jaipur
101, 22 September 2019 ,U Mumba,Gujarat Fortune Giants,31,25,U Mumba,Jaipur
102, 22 September 2019 ,Jaipur Pink Panthers,Bengal Warriors,40,41,Bengal Warriors,Jaipur
103, 23 September 2019 ,Patna Pirates,Haryana Steelers,34,39,Haryana Steelers,Jaipur
104, 23 September 2019 ,Dabang Delhi,Bengaluru Bulls,39,39,TIE,Jaipur
105,,Telegu Titans,Bengal Warriors,39,40,Bengal Warriors,Jaipur
,,Jaipur Pink Panthers,Puneri Paltan,43,34,Jaipur Pink Panthers,Jaipur
,,Patna Pirates,Dabang Delhi,39,43,Dabang Delhi,Jaipur
,,U Mumba,Bengaluru Bulls,33,35,Bengaluru Bulls,Jaipur
,,Jaipur Pink Panthers,Telugu Titans,31,51,Telugu Titans,Jaipur
,,Haryana Steelers,UP Yoddha,30,37,UP Yoddha,Panchkula
,,Gujarat Fortune Giants,Tamil Thalaivas,50,21,Gujarat Fortune Giants,Panchkula
,,Puneri Paltan,Dabang Delhi,40,60,Dabang Delhi,Panchkula
,,Haryana Steelers,Gujarat Fortune Giants,38,37,Haryana Steelers,Panchkula
,,Bengal Warriors,Dabang Delhi,42,33,Bengal Warriors,Panchkula