,Date,Team 1,Team 2,Team 1 Score,Team 2 Score,Winner,Venue
0, 25 June 2016 ,Puneri Paltan,Telugu Titans,28,24,Puneri Paltan,Pune
1, 25 June 2016 ,U Mumba,Jaipur Pink Panthers,36,34,U Mumba,Pune
2, 26 June 2016 ,Bengaluru Bulls,Bengal Warriors,24,23,Bengaluru Bulls,Pune
3, 26 June 2016 ,Puneri Paltan,U Mumba,41,19,Puneri Paltan,Pune
4, 27 June 2016 ,Bengal Warriors,Dabang Delhi,31,23,Bengal Warriors,Pune
5, 27 June 2016 ,Puneri Paltan,Patna Pirates,24,30,Patna Pirates,Pune
6, 28 June 2016 ,Puneri Paltan,Dabang Delhi,27,27,TIE,Pune
7, 29 June 2016 ,Jaipur Pink Panthers,Telugu Titans,28,24,Jaipur Pink Panthers,Jaipur
8, 29 June 2016 ,U Mumba,Puneri Paltan,34,36,Puneri Paltan,Jaipur
9, 30 June 2016 ,Jaipur Pink Panthers,Bengaluru Bulls,28,28,TIE,Jaipur
10,1 July 2016 ,U Mumba,Dabang Delhi K.c,27,25,U Mumba,Jaipur
11, 1 July 2016 ,Jaipur Pink Panthers,Bengal Warriors,36,33,Jaipur Pink Panthers,Jaipur
12, 2 July 2016 ,Dabang Delhi K.c ,Bengaluru Bulls,32,24,Dabang Delhi K.c ,Jaipur
13, 2 July 2016 ,Jaipur Pink Panthers,Puneri Paltan,28,33,Puneri Paltan,Jaipur
14, 3 July 2016 ,Telugu Titans,Patna Pirates,33,35,Patna Pirates,Hyderabad
15, 3 July 2016 ,Bengal Warriors,U Mumba,18,26,U Mumba,Hyderabad
16, 4 July 2016 ,Bengaluru Bulls,Puneri Paltan,29,27,Bengaluru Bulls,Hyderabad
17, 4 July 2016 ,Telugu Titans,Bengal Warriors,35,18,Telugu Titans,Hyderabad
18, 5 July 2016 ,Telugu Titans,Bengaluru Bulls,28,30,Bengaluru Bulls,Hyderabad
19, 6 July 2016 ,Dabang Delhi K.c,Jaipur Pink Panthers,26,51,Jaipur Pink Panthers,Hyderabad
20, 6 July 2016 ,Telugu Titans,U Mumba,35,30,Telugu Titans,Hyderabad
21, 7 July 2016 ,Patna Pirates,Bengaluru Bulls,31,25,Patna Pirates,Patna
22, 8 July 2016 ,Bengaluru Bulls,U Mumba,23,24,U Mumba,Patna
