,Date,Team 1,Team 2,Team 1 Score,Team 2 Score,Winner,Venue
0, 7 October 2018 ,Tamil Thalaivas,Patna Pirates,42,26,Tamil Thalaivas,Chennai
1, 7 October 2018 ,Puneri Paltan,U Mumba,32,32,TIE,Chennai
2, 8 October 2018 ,Puneri Paltan,Haryana Steelers,34,22,Puneri Paltan,Chennai
3, 8 October 2018 ,Tamil Thalaivas,UP Yoddha,32,37,UP Yoddha,Chennai
4, 9 October 2018 ,Dabang Delhi,Gujarat Fortune Giants,32,32,TIE,Chennai
5, 9 October 2018 ,Tamil Thalaivas,Telugu Titans,28,33,Telugu Titans,Chennai
6, 10 October 2018 ,U Mumba,Jaipur Pink Panthers,39,32,U Mumba,Chennai
7, 10 October 2018 ,Tamil Thalaivas,Bengaluru Bulls,37,48,Bengaluru Bulls,Chennai
8, 11 October 2018 ,UP Yoddha,Patna Pirates,41,43,Patna Pirates,Chennai
9, 11 October 2018 ,Tamil Thalaivas,Bengal Warriors,27,36,Bengal Warriors,Chennai
10, 12 October 2018 ,Haryana Steelers,Gujarat Fortune Giants,36,25,Haryana Steelers,Sonepat
11, 12 October 2018 ,Puneri Paltan,Dabang Delhi,37,41,Dabang Delhi,Sonepat
12, 13 October 2018 ,Telugu Titans,UP Yoddha,34,29,Telugu Titans,Sonepat
13, 13 October 2018 ,Haryana Steelers,U Mumba,26,53,U Mumba,Sonepat
14, 14 October 2018 ,Patna Pirates,UP Yoddha,43,37,Patna Pirates,Sonepat
15, 14 October 2018 ,Haryana Steelers,Puneri Paltan,27,45,Puneri Paltan,Sonepat
16, 16 October 2018 ,Bengal Warriors,Telugu Titans,30,25,Bengal Warriors,Sonepat
17, 16 October 2018 ,Haryana Steelers,Jaipur Pink Panthers,33,36,Jaipur Pink Panthers,Sonepat
18, 17 October 2018 ,Bengaluru Bulls,Tamil Thalaivas,44,35,Bengaluru Bulls,Sonepat
19, 17 October 2018 ,Haryana Steelers,U Mumba,32,42,U Mumba,Sonepat
20, 18 October 2018 ,Haryana Steelers,Dabang Delhi,34,31,Haryana Steelers,Sonepat
21, 18 October 2018 ,Puneri Paltan,Gujarat Fortune Giants,28,34,Gujarat Fortune Giants,Pune
22, 19 October 2018 ,Patna Pirates,Telugu Titans,31,35,Telugu Titans,Pune
23, 19 October 2018 ,Puneri Paltan,Jaipur Pink Panthers,29,25,Puneri Paltan,Pune
24, 20 October 2018 ,UP Yoddha,Bengal Warriors,40,40,TIE,Pune
25, 20 October 2018 ,Puneri Paltan,U Mumba,33,32,Puneri Paltan,Pune
26, 21 October 2018 ,Dabang Delhi,Bengal Warriors,39,30,Dabang Delhi,Pune
27, 21 October 2018 ,Puneri Paltan,Bengaluru Bulls,27,25,Puneri Paltan,Pune
28, 23 October 2018 ,U Mumba,Telugu Titans,41,20,U Mumba,Pune
29, 23 October 2018 ,Puneri Paltan,Tamil Thalaivas,31,36,Tamil Thalaivas,Pune
30, 24 October 2018 ,Bengaluru Bulls,Haryana Steelers,42,34,Bengaluru Bulls,Pune
31, 24 October 2018 ,Puneri Paltan,UP Yoddha,23,29,UP Yoddha,Pune
32, 26 October 2018 ,Patna Pirates,Jaipur Pink Panthers,41,30,Patna Pirates,Patna
33, 26 October 2018 ,Gujarat Fortune Giants,Tamil Thalaivas,36,25,Gujarat Fortune Giants,Patna
34, 27 October 2018 ,Jaipur Pink Panthers,Bengal Warriors,28,39,Bengal Warriors,Patna
35, 27 October 2018 ,Patna Pirates,U Mumba,39,40,U Mumba,Patna
36, 28 October 2018 ,Dabang Delhi,UP Yoddha,36,38,UP Yoddha,Patna
37, 28 October 2018 ,Patna Pirates,Haryana Steelers,32,43,Haryana Steelers,Patna
38, 30 October 2018 ,Puneri Paltan,Gujarat Fortune Giants,27,37,Gujarat Fortune Giants,Patna
39, 30 October 2018 ,Patna Pirates,Telugu Titans,32,53,Telugu Titans,Patna
40, 31 October 2018 ,Dabang Delhi,Puneri Paltan,27,31,Puneri Paltan,Patna
41, 31 October 2018 ,Patna Pirates,Bengaluru Bulls,41,43,Bengaluru Bulls,Patna
42, 1 November 2018 ,Patna Pirates,Bengal Warriors,29,27,Patna Pirates,Patna
43, 2 November 2018 ,UP Yoddha,Tamil Thalaivas,24,46,Tamil Thalaivas,Greater Noida
44, 2 November 2018 ,Jaipur Pink Panthers,Gujarat Fortune Giants,25,36,Gujarat Fortune Giants,Greater Noida
45, 3 November 2018 ,U Mumba,Puneri Paltan,31,22,U Mumba,Greater Noida
46, 3 November 2018 ,UP Yoddha,Bengaluru Bulls,29,35,Bengaluru Bulls,Greater Noida
47, 4 November 2018 ,Dabang Delhi,Gujarat Fortune Giants,38,45,Gujarat Fortune Giants,Greater Noida
48, 4 November 2018 ,UP Yoddha,Bengal Warriors,30,30,TIE,Greater Noida
49, 6 November 2018 ,Jaipur Pink Panthers,Haryana Steelers,38,32,Jaipur Pink Panthers,Greater Noida
50, 6 November 2018 ,UP Yoddha,Telugu Titans,26,26,TIE,Greater Noida
51, 8 November 2018 ,Haryana Steelers,Dabang Delhi,33,39,Dabang Delhi,Greater Noida
52, 8 November 2018 ,UP Yoddha,Bengaluru Bulls,27,37,Bengaluru Bulls,Greater Noida
53, 9 November 2018 ,U Mumba,Jaipur Pink Panthers,48,24,U Mumba,Mumbai
54, 9 November 2018 ,Bengal Warriors,Telugu Titans,30,25,Bengal Warriors,Mumbai
55, 10 November 2018 ,Patna Pirates,Bengal Warriors,50,30,Patna Pirates,Mumbai
56, 10 November 2018 ,U Mumba,Gujarat Fortune Giants,36,38,Gujarat Fortune Giants,Mumbai
57, 11 November 2018 ,Jaipur Pink Panthers,Dabang Delhi,29,40,Dabang Delhi,Mumbai
58, 11 November 2018 ,U Mumba,Haryana Steelers,31,35,Haryana Steelers,Mumbai
59, 13 November 2018 ,Puneri Paltan,Telugu Titans,25,28,Telugu Titans,Mumbai
60, 13 November 2018 ,U Mumba,UP Yoddha,41,24,U Mumba,Mumbai
61, 14 November 2018 ,Tamil Thalaivas,Haryana Steelers,32,32,TIE,Mumbai
62, 14 November 2018 ,U Mumba,Bengaluru Bulls,32,29,U Mumba,Mumbai
63, 15 November 2018 ,Patna Pirates,Dabang Delhi,38,35,Patna Pirates,Mumbai
64, 15 November 2018 ,U Mumba,Tamil Thalaivas,36,22,U Mumba,Mumbai
65, 16 November 2018 ,Gujarat Fortune Giants,Bengal Warriors,35,23,Gujarat Fortune Giants,Ahmedabad
66, 16 November 2018 ,Jaipur Pink Panthers,UP Yoddha,45,28,Jaipur Pink Panthers,Ahmedabad
67, 17 November 2018 ,Puneri Paltan,Bengal Warriors,22,26,Bengal Warriors,Ahmedabad
68, 17 November 2018 ,Gujarat Fortune Giants,Bengaluru Bulls,30,30,TIE,Ahmedabad
69, 18 November 2018 ,Jaipur Pink Panthers,Bengaluru Bulls,32,45,Bengaluru Bulls,Ahmedabad
70, 18 November 2018 ,Gujarat Fortune Giants,UP Yoddha,37,32,Gujarat Fortune Giants,Ahmedabad
71, 20 November 2018 ,Tamil Thalaivas,Telugu Titans,27,23,Tamil Thalaivas,Ahmedabad
72, 20 November 2018 ,Gujarat Fortune Giants,Dabang Delhi,26,29,Dabang Delhi,Ahmedabad
73, 21 November 2018 ,Patna Pirates,Tamil Thalaivas,45,27,Patna Pirates,Ahmedabad
74, 21 November 2018 ,Gujarat Fortune Giants,U Mumba,39,35,Gujarat Fortune Giants,Ahmedabad
75, 22 November 2018 ,Gujarat Fortune Giants,Haryana Steelers,40,31,Gujarat Fortune Giants,Ahmedabad
76, 23 November 2018 ,Bengaluru Bulls,Bengal Warriors,31,33,Bengal Warriors,Pune
77, 23 November 2018 ,Jaipur Pink Panthers,Puneri Paltan,30,30,TIE,Pune
78, 24 November 2018 ,U Mumba,Dabang Delhi,39,23,U Mumba,Pune
79, 24 November 2018 ,Bengaluru Bulls,Tamil Thalaivas,36,22,Bengaluru Bulls,Pune
80, 25 November 2018 ,Dabang Delhi,Haryana Steelers,27,34,Haryana Steelers,Pune
81, 25 November 2018 ,Bengaluru Bulls,Patna Pirates,32,35,Patna Pirates,Pune
82, 26 November 2018 ,Tamil Thalaivas,Telugu Titans,31,25,Tamil Thalaivas,Pune
83, 26 November 2018 ,Bengaluru Bulls,UP Yoddha,37,27,Bengaluru Bulls,Pune
84, 28 November 2018 ,Haryana Steelers,Puneri Paltan,33,35,Puneri Paltan,Pune
85, 28 November 2018 ,Bengaluru Bulls,Telugu Titans,34,26,Bengaluru Bulls,Pune
86, 29 November 2018 ,Puneri Paltan,Gujarat Fortune Giants,20,35,Gujarat Fortune Giants,Pune
87, 29 November 2018 ,Bengaluru Bulls,Bengal Warriors,37,44,Bengal Warriors,Pune
88, 30 November 2018 ,Dabang Delhi,Jaipur Pink Panthers,48,35,Dabang Delhi,New Delhi
89, 30 November 2018 ,Tamil Thalaivas,Patna Pirates,35,35,TIE,New Delhi
90, 1 December 2018 ,Dabang Delhi,U Mumba,34,41,U Mumba,New Delhi
91, 2 December 2018 ,U Mumba,Gujarat Fortune Giants,36,26,U Mumba,New Delhi
92, 2 December 2018 ,Dabang Delhi,Puneri Paltan,35,24,Dabang Delhi,New Delhi
93, 4 December 2018 ,Patna Pirates,Gujarat Fortune Giants,27,45,Gujarat Fortune Giants,New Delhi
94, 4 December 2018 ,Dabang Delhi,Telugu Titans,34,29,Dabang Delhi,New Delhi
95, 5 December 2018 ,Haryana Steelers,Bengal Warriors,35,33,Haryana Steelers,New Delhi
96, 5 December 2018 ,Dabang Delhi,Bengaluru Bulls,32,31,Dabang Delhi,New Delhi
97, 6 December 2018 ,UP Yoddha,Haryana Steelers,30,29,UP Yoddha,New Delhi
98, 6 December 2018 ,Dabang Delhi,Tamil Thalaivas,37,33,Dabang Delhi,New Delhi
99, 7 December 2018 ,Telugu Titans,Gujarat Fortune Giants,27,29,Gujarat Fortune Giants,Vijag
100, 7 December 2018 ,Patna Pirates,Puneri Paltan,53,36,Patna Pirates,Vijag
101, 8 December 2018 ,U Mumba,Bengal Warriors,31,20,U Mumba,Vijag
102, 8 December 2018 ,Telugu Titans,Jaipur Pink Panthers,36,26,Telugu Titans,Vijag
103, 9 December 2018 ,Tamil Thalaivas,Jaipur Pink Panthers,24,37,Jaipur Pink Panthers,Vijag
104, 9 December 2018 ,Telugu Titans,Haryana Steelers,35,31,Telugu Titans,Vijag
105, 11 December 2018 ,Dabang Delhi,U Mumba,19,44,U Mumba,Vijag
106, 11 December 2018 ,Telugu Titans,UP Yoddha,20,27,UP Yoddha,Vijag
107, 12 December 2018 ,Haryana Steelers,Gujarat Fortune Giants,37,47,Gujarat Fortune Giants,Vijag
108, 12 December 2018 ,Telugu Titans,Bengaluru Bulls,24,37,Bengaluru Bulls,Vijag
109, 13 December 2018 ,Telugu Titans,Patna Pirates,41,36,Telugu Titans,Vijag
110, 14 December 2018 ,Jaipur Pink Panthers,Puneri Paltan,36,23,Jaipur Pink Panthers,Panchkula
111, 14 December 2018 ,Bengal Warriors,Tamil Thalaivas,28,21,Bengal Warriors,Panchkula
112, 15 December 2018 ,UP Yoddha,Tamil Thalaivas,25,25,TIE,Panchkula
113, 15 December 2018 ,Jaipur Pink Panthers,U Mumba,35,35,TIE,Panchkula
114, 16 December 2018 ,Patna Pirates,UP Yoddha,31,47,UP Yoddha,Panchkula
115, 16 December 2018 ,Jaipur Pink Panthers,Gujarat Fortune Giants,29,34,Gujarat Fortune Giants,Panchkula
116, 18 December 2018 ,Bengaluru Bulls,Telugu Titans,44,28,Bengaluru Bulls,Panchkula
117, 18 December 2018 ,Jaipur Pink Panthers,Haryana Steelers,39,30,Jaipur Pink Panthers,Panchkula
118, 19 December 2018 ,Patna Pirates,Bengaluru Bulls,40,40,TIE,Panchkula
119, 19 December 2018 ,Jaipur Pink Panthers,Gujarat Fortune Giants,31,33,Gujarat Fortune Giants,Panchkula
120, 20 December 2018 ,Jaipur Pink Panthers,Dabang Delhi,37,37,TIE,Panchkula
121, 21 December 2018 ,Bengal Warriors,Tamil Thalaivas,27,24,Bengal Warriors,Kolkata
122, 21 December 2018 ,Puneri Paltan,Telugu Titans,35,20,Puneri Paltan,Kolkata
123, 22 December 2018 ,U Mumba,UP Yoddha,32,34,UP Yoddha,Kolkata
124, 22 December 2018 ,Bengal Warriors,Patna Pirates,39,23,Bengal Warriors,Kolkata
125, 23 December 2018 ,Bengal Warriors,Dabang Delhi,31,37,Dabang Delhi,Kolkata
126, 25 December 2018 ,Haryana Steelers,Tamil Thalaivas,40,40,TIE,Kolkata
127, 25 December 2018 ,Bengal Warriors,Telugu Titans,39,34,Bengal Warriors,Kolkata
128, 26 December 2018 ,Gujarat Fortune Giants,Patna Pirates,37,29,Gujarat Fortune Giants,Kolkata
129, 26 December 2018 ,Bengal Warriors,Bengaluru Bulls,37,31,Bengal Warriors,Kolkata
130, 27 December 2018 ,Jaipur Pink Panthers,Bengaluru Bulls,32,40,Bengaluru Bulls,Kolkata
131, 27 December 2018 ,Bengal Warriors,UP Yoddha,25,41,UP Yoddha,Kolkata
