,Date,Team 1,Team 2,Team 1 Score,Team 2 Score,Winner,Venue
0, 28 July 2017 ,Telugu Titans ,Tamil Thalaivas,32,27,Telugu Titans ,Hyderabad
1, 28 July 2017 ,U Mumba,Puneri Paltan ,21,33,Puneri Paltan ,Hyderabad
2, 29 July 2017 ,Jaipur Pink Panthers,Dabang Delhi ,26,30,Dabang Delhi ,Hyderabad
3, 29 July 2017 ,Telugu Titans,Patna Pirates ,29,35,Patna Pirates ,Hyderabad
4, 30 July 2017 ,U Mumba ,Haryana Steelers,29,28,U Mumba ,Hyderabad
5, 30 July 2017 ,Telugu Titans,Bengaluru Bulls ,21,31,Bengaluru Bulls ,Hyderabad
6, 1 August 2017 ,Gujarat Fortune Giants ,Dabang Delhi,26,20,Gujarat Fortune Giants ,Hyderabad
7, 1 August 2017 ,Telugu Titans,UP Yoddha ,18,31,UP Yoddha ,Hyderabad
8, 2 August 2017 ,Gujarat Fortune Giants,Haryana Steelers,27,27,TIE,Hyderabad
9, 2 August 2017 ,Telugu Titans,Bengal Warriors ,24,30,Bengal Warriors ,Hyderabad
10, 3 August 2017 ,Telugu Titans,Patna Pirates ,36,43,Patna Pirates ,Hyderabad
11, 4 August 2017 ,Bengaluru Bulls ,Tamil Thalaivas,32,31,Bengaluru Bulls ,Nagpur
12, 4 August 2017 ,Puneri Paltan ,Dabang Delhi,26,21,Puneri Paltan ,Nagpur
13, 5 August 2017 ,U Mumba ,Dabang Delhi,36,22,U Mumba ,Nagpur
14, 5 August 2017 ,Bengaluru Bulls,UP Yoddha ,27,32,UP Yoddha ,Nagpur
15, 6 August 2017 ,Bengal Warriors ,UP Yoddha,40,20,Bengal Warriors ,Nagpur
16, 6 August 2017 ,Bengaluru Bulls,Patna Pirates ,32,46,Patna Pirates ,Nagpur
17, 8 August 2017 ,Gujarat Fortune Giants,Haryana Steelers ,20,32,Haryana Steelers ,Nagpur
18, 8 August 2017 ,Bengaluru Bulls,Telugu Titans,21,21,TIE,Nagpur
19, 9 August 2017 ,Bengaluru Bulls ,Bengal Warriors,31,25,Bengaluru Bulls ,Nagpur
20, 10 August 2017 ,Puneri Paltan,Jaipur Pink Panthers ,28,30,Jaipur Pink Panthers ,Nagpur
21, 10 August 2017 ,Bengaluru Bulls,Tamil Thalaivas ,24,29,Tamil Thalaivas ,Nagpur
22, 11 August 2017 ,Gujarat Fortune Giants ,U Mumba,39,21,Gujarat Fortune Giants ,Ahmedabad
23, 12 August 2017 ,Telugu Titans,UP Yoddha ,32,39,UP Yoddha ,Ahmedabad
24, 12 August 2017 ,Gujarat Fortune Giants ,Dabang Delhi,29,25,Gujarat Fortune Giants ,Ahmedabad
25, 13 August 2017 ,Patna Pirates,UP Yoddha,27,27,TIE,Ahmedabad
26, 13 August 2017 ,Gujarat Fortune Giants ,Jaipur Pink Panthers,27,20,Gujarat Fortune Giants ,Ahmedabad
27, 15 August 2017 ,Bengal Warriors,Puneri Paltan ,17,34,Puneri Paltan ,Ahmedabad
28, 15 August 2017 ,Gujarat Fortune Giants ,Bengaluru Bulls,27,24,Gujarat Fortune Giants ,Ahmedabad
29, 16 August 2017 ,Haryana Steelers,Tamil Thalaivas,25,25,TIE,Ahmedabad
30, 16 August 2017 ,Gujarat Fortune Giants ,Telugu Titans,29,19,Gujarat Fortune Giants ,Ahmedabad
31, 17 August 2017 ,Dabang Delhi ,Tamil Thalaivas,30,29,Dabang Delhi ,Ahmedabad
32, 17 August 2017 ,Gujarat Fortune Giants,Bengal Warriors,26,26,TIE,Ahmedabad
33, 18 August 2017 ,UP Yoddha,U Mumba ,34,37,U Mumba ,Lucknow
34, 18 August 2017 ,Bengaluru Bulls,Jaipur Pink Panthers ,28,30,Jaipur Pink Panthers ,Lucknow
35, 19 August 2017 ,Telugu Titans ,U Mumba,37,32,Telugu Titans ,Lucknow
36, 19 August 2017 ,UP Yoddha,Haryana Steelers ,29,36,Haryana Steelers ,Lucknow
37, 20 August 2017 ,Patna Pirates,Puneri Paltan ,42,47,Puneri Paltan ,Lucknow
38, 20 August 2017 ,UP Yoddha,Jaipur Pink Panthers ,22,24,Jaipur Pink Panthers ,Lucknow
39, 22 August 2017 ,Gujarat Fortune Giants ,Puneri Paltan,35,21,Gujarat Fortune Giants ,Lucknow
40, 22 August 2017 ,UP Yoddha,Bengal Warriors ,31,32,Bengal Warriors ,Lucknow
41, 23 August 2017 ,Haryana Steelers ,Dabang Delhi,27,25,Haryana Steelers ,Lucknow
42, 23 August 2017 ,UP Yoddha,Tamil Thalaivas,33,33,TIE,Lucknow
43, 24 August 2017 ,UP Yoddha ,Telugu Titans,25,23,UP Yoddha ,Lucknow
44, 25 August 2017 ,U Mumba,Jaipur Pink Panthers ,36,39,Jaipur Pink Panthers ,Mumbai
45, 25 August 2017 ,Bengal Warriors,Patna Pirates,36,36,TIE,Mumbai
46, 26 August 2017 ,Patna Pirates ,Tamil Thalaivas,35,24,Patna Pirates ,Mumbai
47, 26 August 2017 ,U Mumba,Puneri Paltan ,24,26,Puneri Paltan ,Mumbai
48, 27 August 2017 ,Bengal Warriors ,Bengaluru Bulls,32,26,Bengal Warriors ,Mumbai
49, 27 August 2017 ,U Mumba,Dabang Delhi ,32,33,Dabang Delhi ,Mumbai
50, 29 August 2017 ,Bengaluru Bulls,UP Yoddha,–,–,TIE,Mumbai
51, 29 August 2017 ,U Mumba,Gujarat Fortune Giants,–,–,TIE,Mumbai
52, 30 August 2017 ,U Mumba ,Haryana Steelers,38,32,U Mumba ,Mumbai
53, 31 August 2017 ,Telugu Titans ,Tamil Thalaivas,33,28,Telugu Titans ,Mumbai
54, 31 August 2017 ,U Mumba ,Jaipur Pink Panthers,36,32,U Mumba ,Mumbai
55, 1 September 2017 ,Bengal Warriors ,Patna Pirates,41,38,Bengal Warriors ,Kolkata
56, 2 September 2017 ,Gujarat Fortune Giants,Haryana Steelers ,36,42,Haryana Steelers ,Kolkata
57, 2 September 2017 ,Bengal Warriors,UP Yoddha,26,26,TIE,Kolkata
58, 3 September 2017 ,Gujarat Fortune Giants,Jaipur Pink Panthers ,25,31,Jaipur Pink Panthers ,Kolkata
59, 3 September 2017 ,Bengal Warriors ,Tamil Thalaivas,29,25,Bengal Warriors ,Kolkata
60, 5 September 2017 ,Patna Pirates ,Jaipur Pink Panthers,47,20,Patna Pirates ,Kolkata
61, 5 September 2017 ,Bengal Warriors,Haryana Steelers ,29,36,Haryana Steelers ,Kolkata
62, 6 September 2017 ,Dabang Delhi ,Bengaluru Bulls,38,30,Dabang Delhi ,Kolkata
63, 6 September 2017 ,Bengal Warriors,U Mumba ,31,37,U Mumba ,Kolkata
64, 7 September 2017 ,Telugu Titans,Puneri Paltan ,37,42,Puneri Paltan ,Kolkata
65, 7 September 2017 ,Bengal Warriors,Dabang Delhi,31,31,TIE,Kolkata
66, 8 September 2017 ,Haryana Steelers,Patna Pirates,41,41,TIE,Sonepat
67, 8 September 2017 ,Gujarat Fortune Giants,UP Yoddha,30,30,TIE,Sonepat
68, 9 September 2017 ,Patna Pirates,U Mumba ,41,51,U Mumba ,Sonepat
69, 9 September 2017 ,Haryana Steelers ,Bengaluru Bulls,38,31,Haryana Steelers ,Sonepat
70, 10 September 2017 ,Bengaluru Bulls ,Puneri Paltan,24,20,Bengaluru Bulls ,Sonepat
71, 10 September 2017 ,Haryana Steelers,Telugu Titans ,19,37,Telugu Titans ,Sonepat
72, 12 September 2017 ,Bengal Warriors ,Telugu Titans,32,31,Bengal Warriors ,Sonepat
73, 12 September 2017 ,Haryana Steelers ,Dabang Delhi,27,24,Haryana Steelers ,Sonepat
74, 13 September 2017 ,Tamil Thalaivas ,UP Yoddha,34,33,Tamil Thalaivas ,Sonepat
75, 13 September 2017 ,Haryana Steelers,Puneri Paltan ,22,38,Puneri Paltan ,Sonepat
76, 14 September 2017 ,Haryana Steelers,Jaipur Pink Panthers,27,27,TIE,Sonepat
77, 15 September 2017 ,Patna Pirates ,Telugu Titans,46,30,Patna Pirates ,Ranchi
78, 15 September 2017 ,U Mumba,Gujarat Fortune Giants ,28,39,Gujarat Fortune Giants ,Ranchi
79, 16 September 2017 ,Bengaluru Bulls,Telugu Titans,26,26,TIE,Ranchi
80, 16 September 2017 ,Patna Pirates ,UP Yoddha,45,42,Patna Pirates ,Ranchi
81, 17 September 2017 ,Jaipur Pink Panthers ,Dabang Delhi,36,25,Jaipur Pink Panthers ,Ranchi
82, 17 September 2017 ,Patna Pirates,Bengal Warriors,37,37,TIE,Ranchi
83, 19 September 2017 ,Puneri Paltan ,Haryana Steelers,37,25,Puneri Paltan ,Ranchi
84, 19 September 2017 ,Patna Pirates ,Bengaluru Bulls,36,32,Patna Pirates ,Ranchi
85, 20 September 2017 ,U Mumba,Gujarat Fortune Giants ,23,45,Gujarat Fortune Giants ,Ranchi
86, 20 September 2017 ,Patna Pirates ,Tamil Thalaivas,41,39,Patna Pirates ,Ranchi
87, 21 September 2017 ,Jaipur Pink Panthers,Haryana Steelers ,26,30,Haryana Steelers ,Ranchi
88, 21 September 2017 ,Patna Pirates,UP Yoddha ,41,46,UP Yoddha ,Ranchi
89, 22 September 2017 ,Dabang Delhi,U Mumba ,28,30,U Mumba ,New Delhi
90, 23 September 2017 ,Bengaluru Bulls,Bengal Warriors ,29,33,Bengal Warriors ,New Delhi
91, 23 September 2017 ,Dabang Delhi,Puneri Paltan ,29,34,Puneri Paltan ,New Delhi
92, 24 September 2017 ,Bengal Warriors,Tamil Thalaivas ,32,33,Tamil Thalaivas ,New Delhi
93, 24 September 2017 ,Dabang Delhi,Haryana Steelers ,24,42,Haryana Steelers ,New Delhi
94, 26 September 2017 ,Gujarat Fortune Giants,Tamil Thalaivas ,34,35,Tamil Thalaivas ,New Delhi
95, 26 September 2017 ,Dabang Delhi,Patna Pirates ,34,36,Patna Pirates ,New Delhi
96, 27 September 2017 ,Telugu Titans ,Jaipur Pink Panthers,41,34,Telugu Titans ,New Delhi
97, 27 September 2017 ,Dabang Delhi,UP Yoddha ,16,45,UP Yoddha ,New Delhi
98, 28 September 2017 ,Bengaluru Bulls,U Mumba ,30,42,U Mumba ,New Delhi
99, 28 September 2017 ,Dabang Delhi,Telugu Titans ,22,44,Telugu Titans ,New Delhi
100, 29 September 2017 ,Tamil Thalaivas,Puneri Paltan ,20,33,Puneri Paltan ,Chennai
101, 29 September 2017 ,Gujarat Fortune Giants ,Patna Pirates,30,29,Gujarat Fortune Giants ,Chennai
102, 30 September 2017 ,Puneri Paltan ,UP Yoddha,34,33,Puneri Paltan ,Chennai
103, 30 September 2017 ,Tamil Thalaivas,Jaipur Pink Panthers ,26,27,Jaipur Pink Panthers ,Chennai
104, 1 October 2017 ,Jaipur Pink Panthers,Bengal Warriors ,31,32,Bengal Warriors ,Chennai
105, 1 October 2017 ,Tamil Thalaivas,U Mumba ,30,33,U Mumba ,Chennai
106, 3 October 2017 ,Dabang Delhi,Gujarat Fortune Giants ,22,42,Gujarat Fortune Giants ,Chennai
107, 3 October 2017 ,Tamil Thalaivas,Telugu Titans ,37,58,Telugu Titans ,Chennai
108, 4 October 2017 ,U Mumba,Haryana Steelers ,30,41,Haryana Steelers ,Chennai
109, 4 October 2017 ,Tamil Thalaivas,UP Yoddha ,33,37,UP Yoddha ,Chennai
110, 5 October 2017 ,Tamil Thalaivas,Bengaluru Bulls ,35,45,Bengaluru Bulls ,Chennai
111, 6 October 2017 ,Jaipur Pink Panthers,Gujarat Fortune Giants ,23,29,Gujarat Fortune Giants ,Jaipur
112, 6 October 2017 ,Puneri Paltan,Bengal Warriors ,19,25,Bengal Warriors ,Jaipur
113, 7 October 2017 ,Haryana Steelers ,Telugu Titans,32,30,Haryana Steelers ,Jaipur
114, 7 October 2017 ,Jaipur Pink Panthers ,U Mumba,36,32,Jaipur Pink Panthers ,Jaipur
115, 8 October 2017 ,Gujarat Fortune Giants ,Patna Pirates,33,29,Gujarat Fortune Giants ,Jaipur
116, 8 October 2017 ,Jaipur Pink Panthers,Puneri Paltan ,30,38,Puneri Paltan ,Jaipur
117, 10 October 2017 ,U Mumba,Tamil Thalaivas ,35,38,Tamil Thalaivas ,Jaipur
118, 10 October 2017 ,Jaipur Pink Panthers,Dabang Delhi ,34,35,Dabang Delhi ,Jaipur
119, 11 October 2017 ,Dabang Delhi,Bengaluru Bulls ,32,35,Bengaluru Bulls ,Jaipur
120, 11 October 2017 ,Jaipur Pink Panthers,Haryana Steelers ,27,37,Haryana Steelers ,Jaipur
121, 12 October 2017 ,Jaipur Pink Panthers,UP Yoddha ,32,53,UP Yoddha ,Jaipur
122, 13 October 2017 ,Puneri Paltan,Gujarat Fortune Giants ,20,44,Gujarat Fortune Giants ,Pune
123, 13 October 2017 ,Bengal Warriors ,Tamil Thalaivas,34,30,Bengal Warriors ,Pune
124, 14 October 2017 ,Tamil Thalaivas ,Patna Pirates,40,37,Tamil Thalaivas ,Pune
125, 14 October 2017 ,Puneri Paltan ,U Mumba,43,24,Puneri Paltan ,Pune
126, 15 October 2017 ,Bengaluru Bulls ,UP Yoddha,38,32,Bengaluru Bulls ,Pune
127, 15 October 2017 ,Puneri Paltan ,Dabang Delhi,34,31,Puneri Paltan ,Pune
128, 17 October 2017 ,Bengaluru Bulls ,UP Yoddha,64,24,Bengaluru Bulls ,Pune
129, 17 October 2017 ,Puneri Paltan,Haryana Steelers ,27,31,Haryana Steelers ,Pune
130, 18 October 2017 ,Patna Pirates,Bengaluru Bulls,29,29,TIE,Pune
131, 18 October 2017 ,Puneri Paltan ,Jaipur Pink Panthers,38,15,Puneri Paltan ,Pune
132, 20 October 2017 ,Telugu Titans,Bengal Warriors,37,37,TIE,Pune
133, 20 October 2017 ,Puneri Paltan,Gujarat Fortune Giants ,22,23,Gujarat Fortune Giants ,Pune
