,Date,Team 1,Team 2,Team 1 Score,Team 2 Score,Winner,Venue
0, 18 July ,U Mumba,Jaipur Pink Panthers,29,28,U Mumba,Mumbai
1, 18 July ,Bengaluru Bulls,Bengal Warriors,33,25,Bengaluru Bulls,Mumbai
2, 19 July ,Telugu Titans,Dabang Delhi,36,27,Telugu Titans,Mumbai
3, 19 July ,U Mumba,Bengaluru Bulls,36,23,U Mumba,Mumbai
4, 20 July ,Puneri Paltan,Telugu Titans,24,45,Telugu Titans,Mumbai
5, 20 July ,U Mumba,Patna Pirates,25,20,U Mumba,Mumbai
6, 21 July ,U Mumba,Puneri Paltan,28,21,U Mumba,Mumbai
7, 22 July ,Bengal Warriors,Jaipur Pink Panthers,28,26,Bengal Warriors,Kolkata
8, 22 July ,Bengaluru Bulls,Patna Pirates,31,26,Bengaluru Bulls,Kolkata
9, 23 July ,Bengal Warriors,Telugu Titans,30,32,Telugu Titans,Kolkata
10, 24 July ,Dabang Delhi,Puneri Paltan,38,37,Dabang Delhi,Kolkata
11, 24 July ,Bengal Warriors,U Mumba,25,29,U Mumba,Kolkata
12, 25 July ,Bengaluru Bulls,Puneri Paltan,31,26,Bengaluru Bulls,Kolkata
13, 25 July ,Bengal Warriors,Dabang Delhi,21,32,Dabang Delhi,Kolkata
14, 26 July ,Jaipur Pink Panthers,Patna Pirates,23,29,Patna Pirates,Jaipur
15, 26 July ,Telugu Titans,U Mumba,26,27,U Mumba,Jaipur
16, 27 July ,Dabang Delhi,Bengaluru Bulls,18,33,Bengaluru Bulls,Jaipur
17, 27 July ,Jaipur Pink Panthers,Telugu Titans,22,33,Telugu Titans,Jaipur
18, 28 July ,Jaipur Pink Panthers,Bengaluru Bulls,36,23,Jaipur Pink Panthers,Jaipur
19, 29 July ,Puneri Paltan,Bengal Warriors,33,29,Puneri Paltan,Jaipur
20, 29 July ,Jaipur Pink Panthers,Dabang Delhi,27,35,Dabang Delhi,Jaipur
21, 30 July ,Patna Pirates,Telugu Titans,22,34,Telugu Titans,Patna
22, 31 July ,Bengaluru Bulls,Telugu Titans,35,21,Bengaluru Bulls,Patna
23, 31 July ,Patna Pirates,Dabang Delhi,39,22,Patna Pirates,Patna
24, 1 August ,Dabang Delhi,U Mumba,22,27,U Mumba,Patna
25, 1 August ,Patna Pirates,Puneri Paltan,32,28,Patna Pirates,Patna
26, 2 August ,Puneri Paltan,Jaipur Pink Panthers,29,35,Jaipur Pink Panthers,Patna
27, 2 August ,Patna Pirates,Bengal Warriors,20,20,TIE,Patna
28, 4 August ,Telugu Titans,Jaipur Pink Panthers,39,39,TIE,Hyderabad
29, 4 August ,U Mumba,Dabang Delhi,29,24,U Mumba,Hyderabad
30, 5 August ,Telugu Titans,Bengal Warriors,44,28,Telugu Titans,Hyderabad
31, 6 August ,Bengal Warriors,Bengaluru Bulls,22,33,Bengaluru Bulls,Hyderabad
32, 6 August ,Telugu Titans,Patna Pirates,54,32,Telugu Titans,Hyderabad
33, 7 August ,Jaipur Pink Panthers,U Mumba,35,25,Jaipur Pink Panthers,Hyderabad
34, 7 August ,Telugu Titans,Puneri Paltan,29,29,TIE,Hyderabad
35, 8 August ,Dabang Delhi,Bengal Warriors,17,20,Bengal Warriors,Delhi
36, 8 August ,Patna Pirates,Bengaluru Bulls,30,28,Patna Pirates,Delhi
37, 9 August ,U Mumba,Bengal Warriors,31,17,U Mumba,Delhi
38, 9 August ,Dabang Delhi,Patna Pirates,45,26,Dabang Delhi,Delhi
39, 10 August ,Dabang Delhi,Jaipur Pink Panthers,21,51,Jaipur Pink Panthers,Delhi
40, 11 August ,Jaipur Pink Panthers,Puneri Paltan,31,18,Jaipur Pink Panthers,Delhi
41, 11 August ,Dabang Delhi,Telugu Titans,45,45,TIE,Delhi
42, 12 August ,Bengaluru Bulls,U Mumba,29,36,U Mumba,Bengaluru
43, 13 August ,Bengal Warriors,Puneri Paltan,31,28,Bengal Warriors,Bengaluru
44, 13 August ,Bengaluru Bulls,Jaipur Pink Panthers,25,27,Jaipur Pink Panthers,Bengaluru
45, 14 August ,Bengal Warriors,Patna Pirates,32,34,Patna Pirates,Bengaluru
46, 14 August ,Bengaluru Bulls,Dabang Delhi,40,21,Bengaluru Bulls,Bengaluru
47, 15 August ,Patna Pirates,U Mumba,27,32,U Mumba,Bengaluru
48, 15 August ,Bengaluru Bulls,Telugu Titans,43,29,Bengaluru Bulls,Bengaluru
49, 16 August ,Puneri Paltan,Dabang Delhi,33,28,Puneri Paltan,Pune
50, 16 August ,Jaipur Pink Panthers,Bengal Warriors,38,39,Bengal Warriors,Pune
51, 17 August ,Puneri Paltan,U Mumba,34,39,U Mumba,Pune
52, 18 August ,U Mumba,Telugu Titans,25,46,Telugu Titans,Pune
53, 18 August ,Puneri Paltan,Patna Pirates,21,38,Patna Pirates,Pune
54, 19 August ,Patna Pirates,Jaipur Pink Panthers,26,24,Patna Pirates,Pune
55, 19 August ,Puneri Paltan,Bengaluru Bulls,30,31,Bengaluru Bulls,Pune
