,Date,Team 1,Team 2,Team 1 Score,Team 2 Score,Winner,Venue
0, 30 January 2016 ,Telugu Titans,U Mumba,25,27,U Mumba,Vizag
1, 30 January 2016 ,Dabang Delhi,Bengaluru Bulls,29,35,Bengaluru Bulls,Vizag
2, 31 January 2016 ,Jaipur Pink Panthers,U Mumba,27,18,Jaipur Pink Panthers,Vizag
3, 31 January 2016 ,Telugu Titans,Puneri Paltan,27,26,Telugu Titans,Vizag
4, 1 February 2016 ,Patna Pirates,Jaipur Pink Panthers,29,28,Patna Pirates,Vizag
5, 1 February 2016 ,Telugu Titans,Dabang Delhi,45,34,Telugu Titans,Vizag
6, 2 February 2016 ,Telugu Titans,Bengal Warriors,17,25,Bengal Warriors,Vizag
7, 3 February 2016 ,Bengaluru Bulls,Patna Pirates,24,33,Patna Pirates,Bengaluru
8, 3 February 2016 ,Dabang Delhi,Puneri Paltan,20,38,Puneri Paltan,Bengaluru
9, 4 February 2016 ,Bengaluru Bulls,Bengal Warriors,24,34,Bengal Warriors,Bengaluru
10, 5 February 2016 ,Dabang Delhi,U Mumba,17,30,U Mumba,Bengaluru
11, 5 February 2016 ,Bengaluru Bulls,Jaipur Pink Panthers,36,26,Bengaluru Bulls,Bengaluru
12, 6 February 2016 ,U Mumba,Patna Pirates,26,40,Patna Pirates,Bengaluru
13, 6 February 2016 ,Bengaluru Bulls,Telugu Titans,26,35,Telugu Titans,Bengaluru
14, 7 February 2016 ,Bengal Warriors,Puneri Paltan,33,28,Bengal Warriors,Kolkata
15, 7 February 2016 ,Jaipur Pink Panthers,Dabang Delhi,39,34,Jaipur Pink Panthers,Kolkata
16, 8 February 2016 ,Patna Pirates,Telugu Titans,29,25,Patna Pirates,Kolkata
17, 8 February 2016 ,Bengal Warriors,Dabang Delhi,34,17,Bengal Warriors,Kolkata
18, 9 February 2016 ,Bengal Warriors,Patna Pirates,31,36,Patna Pirates,Kolkata
19, 10 February 2016 ,U Mumba,Bengaluru Bulls,29,28,U Mumba,Kolkata
20, 10 February 2016 ,Bengal Warriors,Jaipur Pink Panthers,34,20,Bengal Warriors,Kolkata
21, 11 February 2016 ,Puneri Paltan,Patna Pirates,30,30,TIE,Pune
22, 12 February 2016 ,Patna Pirates,Dabang Delhi,47,34,Patna Pirates,Pune
23, 12 February 2016 ,Puneri Paltan,Jaipur Pink Panthers,32,32,TIE,Pune
24, 13 February 2016 ,Jaipur Pink Panthers,Telugu Titans,25,27,Telugu Titans,Pune
25, 13 February 2016 ,Puneri Paltan,U Mumba,27,29,U Mumba,Pune
26, 14 February 2016 ,U Mumba,Bengal Warriors,32,21,U Mumba,Pune
27, 14 February 2016 ,Puneri Paltan,Bengaluru Bulls,29,27,Puneri Paltan,Pune
28, 16 February 2016 ,Patna Pirates,Bengal Warriors,32,27,Patna Pirates,Patna
29, 16 February 2016 ,Telugu Titans,Jaipur Pink Panthers,26,35,Jaipur Pink Panthers,Patna
30, 17 February 2016 ,Patna Pirates,Bengaluru Bulls,36,22,Patna Pirates,Patna
31, 18 February 2016 ,Bengaluru Bulls,Dabang Delhi,21,35,Dabang Delhi,Patna
32, 18 February 2016 ,Patna Pirates,Puneri Paltan,28,28,TIE,Patna
33, 19 February 2016 ,Bengal Warriors,Telugu Titans,32,28,Bengal Warriors,Patna
34, 19 February 2016 ,Patna Pirates,U Mumba,28,34,U Mumba,Patna
35, 20 February 2016 ,Jaipur Pink Panthers,Bengaluru Bulls,30,21,Jaipur Pink Panthers,Jaipur
36, 20 February 2016 ,Puneri Paltan,Dabang Delhi,32,22,Puneri Paltan,Jaipur
37, 21 February 2016 ,Telugu Titans,Bengaluru Bulls,40,22,Telugu Titans,Jaipur
38, 21 February ,Jaipur Pink Panthers,Puneri Paltan,18,33,Puneri Paltan,Jaipur
39, 22 February 2016 ,Jaipur Pink Panthers,Bengal Warriors,18,34,Bengal Warriors,Jaipur
40, 23 February 2016 ,Bengal Warriors,U Mumba,17,30,U Mumba,Jaipur
41, 23 February 2016 ,Jaipur Pink Panthers,Patna Pirates,24,47,Patna Pirates,Jaipur
42, 24 February 2016 ,Dabang Delhi,Telugu Titans,36,44,Telugu Titans,Delhi
43, 25 February 2016 ,Bengaluru Bulls,U Mumba,18,39,U Mumba,Delhi
44, 25 February 2016 ,Dabang Delhi,Patna Pirates,34,67,Patna Pirates,Delhi
45, 26 February 2016 ,Puneri Paltan,Telugu Titans,41,24,Puneri Paltan,Delhi
46, 26 February 2016 ,Dabang Delhi,Jaipur Pink Panthers,21,21,TIE,Delhi
47, 27 February 2016 ,Bengaluru Bulls,Puneri Paltan,27,44,Puneri Paltan,Delhi
48, 27 February 2016 ,Dabang Delhi,Bengal Warriors,31,37,Bengal Warriors,Delhi
49, 28 February 2016 ,U Mumba,Jaipur Pink Panthers,35,21,U Mumba,Mumbai
50, 28 February 2016 ,Telugu Titans,Patna Pirates,42,41,Telugu Titans,Mumbai
51, 29 February 2016 ,U Mumba,Puneri Paltan,30,27,U Mumba,Mumbai
52, 1 March 2016 ,Bengal Warriors,Bengaluru Bulls,26,22,Bengal Warriors,Mumbai
53, 1 March 2016 ,U Mumba,Telugu Titans,38,22,U Mumba,Mumbai
54, 2 March 2016 ,Puneri Paltan,Bengal Warriors,43,19,Puneri Paltan,Mumbai
55, 2 March 2016 ,U Mumba,Dabang Delhi,36,20,U Mumba,Mumbai
