,Team,Opposition,Team Score,Opposition Score,Winner,Venue 
0,Jaipur Pink Panthers,U Mumba,31.0,45.0,U Mumba,Mumbai
1,Jaipur Pink Panthers,Telugu Titans,46.0,32.0,Jaipur Pink Panthers,Kolkata
2,Jaipur Pink Panthers,Patna Pirates,40.0,18.0,Jaipur Pink Panthers,Kolkata
3,Jaipur Pink Panthers,Dabang Delhi,40.0,31.0,Jaipur Pink Panthers,Delhi
4,Jaipur Pink Panthers,Telugu Titans,49.0,29.0,Jaipur Pink Panthers,Patna
5,Jaipur Pink Panthers,Bengal Warriors,39.0,23.0,Jaipur Pink Panthers,Patna
6,Jaipur Pink Panthers,Puneri Paltan,50.0,23.0,Jaipur Pink Panthers,Pune
7,Jaipur Pink Panthers,Bengal Warriors,41.0,33.0,Jaipur Pink Panthers,Vizag
8,Jaipur Pink Panthers,Patna Pirates,30.0,52.0,Patna Pirates,Vizag
9,Jaipur Pink Panthers,Bengaluru Bulls,36.0,31.0,Jaipur Pink Panthers,Jaipur
10,Jaipur Pink Panthers,U Mumba,31.0,31.0,U Mumba,Jaipur
11,Jaipur Pink Panthers,Dabang Delhi,41.0,31.0,Jaipur Pink Panthers,Jaipur
12,Jaipur Pink Panthers,Puneri Paltan,33.0,27.0,Jaipur Pink Panthers,Jaipur
13,Jaipur Pink Panthers,Bengaluru Bulls,29.0,30.0,Bengaluru Bulls,Banglore
14,Jaipur Pink Panthers,U Mumba,28.0,29.0,U Mumba,Mumbai
15,Jaipur Pink Panthers,Bengal Warriors,26.0,28.0,Bengal Warriors,Kolkata
16,Jaipur Pink Panthers,Patna Pirates,23.0,29.0,Patna Pirates,Jaipur
17,Jaipur Pink Panthers,Telugu Titans,22.0,33.0,Telugu Titans,Jaipur
18,Jaipur Pink Panthers,Bengaluru Bulls,36.0,23.0,Jaipur Pink Panthers,Jaipur
19,Jaipur Pink Panthers,Dabang Delhi,27.0,35.0,Dabang Delhi,Jaipur
20,Jaipur Pink Panthers,Puneri Paltan,35.0,29.0,Jaipur Pink Panthers,Patna
21,Jaipur Pink Panthers,Telugu Titans,39.0,39.0,TIE,Hyderabad
22,Jaipur Pink Panthers,U Mumba,35.0,25.0,Jaipur Pink Panthers,Hyderabad
23,Jaipur Pink Panthers,Dabang Delhi,51.0,21.0,Jaipur Pink Panthers,Delhi
24,Jaipur Pink Panthers,Puneri Paltan,31.0,18.0,Jaipur Pink Panthers,Delhi
25,Jaipur Pink Panthers,Bengaluru Bulls,27.0,25.0,Jaipur Pink Panthers,Banglore
26,Jaipur Pink Panthers,Bengal Warriors,38.0,39.0,Bengal Warriors,Pune
27,Jaipur Pink Panthers,Patna Pirates,24.0,26.0,Patna Pirates,Pune
28,Jaipur Pink Panthers,U Mumba,27.0,18.0,Jaipur Pink Panthers,Vizag
29,Jaipur Pink Panthers,Patna Pirates,28.0,29.0,Patna Pirates,Vizag
30,Jaipur Pink Panthers,Bengaluru Bulls,26.0,36.0,Bengaluru Bulls,Banglore
31,Jaipur Pink Panthers,Dabang Delhi,39.0,34.0,Jaipur Pink Panthers,Kolkata
32,Jaipur Pink Panthers,Bengal Warriors,20.0,34.0,Bengal Warriors,Kolkata
33,Jaipur Pink Panthers,Puneri Paltan,32.0,32.0,TIE,Pune
34,Jaipur Pink Panthers,Telugu Titans,25.0,27.0,Telugu Titans,Pune
35,Jaipur Pink Panthers,Telugu Titans,35.0,26.0,Jaipur Pink Panthers,Patna
36,Jaipur Pink Panthers,Bengaluru Bulls,30.0,21.0,Jaipur Pink Panthers,Jaipur
37,Jaipur Pink Panthers,Puneri Paltan,18.0,33.0,Puneri Paltan,Jaipur
38,Jaipur Pink Panthers,Bengal Warriors,18.0,34.0,Bengal Warriors,Jaipur
39,Jaipur Pink Panthers,Patna Pirates,24.0,47.0,Patna Pirates,Jaipur
40,Jaipur Pink Panthers,Dabang Delhi,21.0,21.0,TIE,Delhi
41,Jaipur Pink Panthers,U Mumba,21.0,35.0,U Mumba,Mumbai
42,Jaipur Pink Panthers,U Mumba,34.0,36.0,U Mumba,Pune
43,Jaipur Pink Panthers,Telugu Titans,28.0,24.0,Jaipur Pink Panthers,Jaipur
44,Jaipur Pink Panthers,Bengaluru Bulls,28.0,28.0,TIE,Jaipur
45,Jaipur Pink Panthers,Bengal Warriors,36.0,33.0,Jaipur Pink Panthers,Jaipur
46,Jaipur Pink Panthers,Puneri Paltan,28.0,33.0,Puneri Paltan,Jaipur
47,Jaipur Pink Panthers,Dabang Delhi,51.0,26.0,Jaipur Pink Panthers,Hyderabad
48,Jaipur Pink Panthers,Dabang Delhi,26.0,30.0,Dabang Delhi,Hyderabad
49,Jaipur Pink Panthers,Puneri Paltan,30.0,28.0,Jaipur Pink Panthers,Nagpur
50,Jaipur Pink Panthers,Gujarat Fortune Giants,20.0,27.0,Gujarat Fortune Giants,Ahmedabad
51,Jaipur Pink Panthers,Bengaluru Bulls,30.0,28.0,Jaipur Pink Panthers,Lucknow
52,Jaipur Pink Panthers,UP Yoddha,24.0,22.0,Jaipur Pink Panthers,Lucknow
53,Jaipur Pink Panthers,U Mumba,39.0,36.0,Jaipur Pink Panthers,Mumbai
54,Jaipur Pink Panthers,U Mumba,32.0,36.0,U Mumba,Mumbai
55,Jaipur Pink Panthers,Gujarat Fortune Giants,31.0,25.0,Jaipur Pink Panthers,Kolkata
56,Jaipur Pink Panthers,Patna Pirates,20.0,47.0,Patna Pirates,Kolkata
57,Jaipur Pink Panthers,Haryana Steelers,27.0,27.0,TIE,Sonepat
58,Jaipur Pink Panthers,Dabang Delhi,36.0,25.0,Jaipur Pink Panthers,Ranchi
59,Jaipur Pink Panthers,Haryana Steelers,26.0,30.0,Haryana Steelers,Ranchi
60,Jaipur Pink Panthers,Telugu Titans,34.0,41.0,Telugu Titans,Delhi
61,Jaipur Pink Panthers,Tamil Thalaivas,27.0,26.0,Jaipur Pink Panthers,Chennai
62,Jaipur Pink Panthers,Bengal Warriors,31.0,32.0,Bengal Warriors,Chennai
63,Jaipur Pink Panthers,Gujarat Fortune Giants,23.0,29.0,Gujarat Fortune Giants,Jaipur
64,Jaipur Pink Panthers,U Mumba,36.0,32.0,Jaipur Pink Panthers,Jaipur
65,Jaipur Pink Panthers,Puneri Paltan,30.0,38.0,Puneri Paltan,Jaipur
66,Jaipur Pink Panthers,Dabang Delhi,34.0,35.0,Dabang Delhi,Jaipur
67,Jaipur Pink Panthers,Haryana Steelers,27.0,37.0,Haryana Steelers,Jaipur
68,Jaipur Pink Panthers,UP Yoddha,32.0,53.0,UP Yoddha,Jaipur
69,Jaipur Pink Panthers,Puneri Paltan,15.0,38.0,Puneri Paltan,Pune
70,Jaipur Pink Panthers,U Mumba,32.0,39.0,U Mumba,Chennai
71,Jaipur Pink Panthers,Haryana Steelers,36.0,33.0,Jaipur Pink Panthers,Sonepat
72,Jaipur Pink Panthers,Puneri Paltan,25.0,29.0,Puneri Paltan,Pune
73,Jaipur Pink Panthers,Patna Pirates,30.0,41.0,Patna Pirates,Patna
74,Jaipur Pink Panthers,Bengal Warriors,28.0,39.0,Bengal Warriors,Patna
75,Jaipur Pink Panthers,Gujarat Fortune Giants,25.0,36.0,Gujarat Fortune Giants,Greater Noida
76,Jaipur Pink Panthers,Haryana Steelers,38.0,32.0,Jaipur Pink Panthers,Greater Noida
77,Jaipur Pink Panthers,U Mumba,24.0,48.0,U Mumba,Mumbai
78,Jaipur Pink Panthers,Dabang Delhi,29.0,40.0,Dabang Delhi,Mumbai
79,Jaipur Pink Panthers,UP Yoddha,45.0,28.0,Jaipur Pink Panthers,Ahmedabad
80,Jaipur Pink Panthers,Bengaluru Bulls,32.0,45.0,Bengaluru Bulls,Ahmedabad
81,Jaipur Pink Panthers,Puneri Paltan,30.0,30.0,TIE,Pune
82,Jaipur Pink Panthers,Dabang Delhi,35.0,48.0,Dabang Delhi,Delhi
83,Jaipur Pink Panthers,Telugu Titans,26.0,36.0,Telugu Titans,Vijag
84,Jaipur Pink Panthers,Tamil Thalaivas,37.0,24.0,Jaipur Pink Panthers,Vijag
85,Jaipur Pink Panthers,Puneri Paltan,36.0,23.0,Jaipur Pink Panthers,Panchkula
86,Jaipur Pink Panthers,U Mumba,35.0,35.0,TIE,Panchkula
87,Jaipur Pink Panthers,Gujarat Fortune Giants,29.0,34.0,Gujarat Fortune Giants,Panchkula
88,Jaipur Pink Panthers,Haryana Steelers,39.0,30.0,Jaipur Pink Panthers,Panchkula
89,Jaipur Pink Panthers,Gujarat Fortune Giants,31.0,33.0,Gujarat Fortune Giants,Panchkula
90,Jaipur Pink Panthers,Dabang Delhi,37.0,37.0,TIE,Panchkula
91,Jaipur Pink Panthers,Bengaluru Bulls,32.0,40.0,Bengaluru Bulls,Kolkata
92,Jaipur Pink Panthers,U Mumba,42.0,23.0,Jaipur Pink Panthers,Hyderabad
93,Jaipur Pink Panthers,Bengal Warriors,27.0,25.0,Jaipur Pink Panthers,Mumbai
94,Jaipur Pink Panthers,Haryana Steelers,37.0,21.0,Jaipur Pink Panthers,Mumbai
95,Jaipur Pink Panthers,Patna Pirates,34.0,21.0,Jaipur Pink Panthers,Patna
96,Jaipur Pink Panthers,Dabang Delhi,24.0,35.0,Dabang Delhi,Patna
97,Jaipur Pink Panthers,Puneri Paltan,33.0,25.0,Jaipur Pink Panthers,Ahmedabad
98,Jaipur Pink Panthers,Gujarat Fortune Giants,22.0,19.0,Jaipur Pink Panthers,Ahmedabad
99,Jaipur Pink Panthers,UP Yoddha,24.0,31.0,UP Yoddha,Chennai
100,Jaipur Pink Panthers,Tamil Thalaivas,28.0,26.0,Jaipur Pink Panthers,Chennai
101,Jaipur Pink Panthers,Telugu Titans,21.0,24.0,Telugu Titans,Delhi
102,Jaipur Pink Panthers,Bengaluru Bulls,30.0,41.0,Bengaluru Bulls,Delhi
103,Jaipur Pink Panthers,U Mumba,21.0,47.0,U Mumba,Banglore
104,Jaipur Pink Panthers,Dabang Delhi,44.0,46.0,Dabang Delhi,Banglore
105,Jaipur Pink Panthers,Haryana Steelers,32.0,32.0,TIE,Kolkata
106,Jaipur Pink Panthers,Patna Pirates,33.0,36.0,Patna Pirates,Kolkata
107,Jaipur Pink Panthers,UP Yoddha,32.0,38.0,UP Yoddha,Pune
108,Jaipur Pink Panthers,Gujarat Fortune Giants,28.0,28.0,TIE,Jaipur
109,Jaipur Pink Panthers,Bengal Warriors,40.0,41.0,Bengal Warriors,Jaipur
