,Team,Opposition,Team Score,Opposition Score,Winner,Venue 
0,Patna Pirates,U Mumba,33.0,36.0,U Mumba,Mumbai
1,Patna Pirates,Telugu Titans,38.0,35.0,Patna Pirates,Kolkata
2,Patna Pirates,Jaipur Pink Panthers,18.0,40.0,Jaipur Pink Panthers,Kolkata
3,Patna Pirates,Dabang Delhi,36.0,31.0,Patna Pirates,Delhi
4,Patna Pirates,Puneri Paltan,35.0,27.0,Patna Pirates,Patna
5,Patna Pirates,U Mumba,37.0,37.0,U Mumba,Patna
6,Patna Pirates,Dabang Delhi,30.0,30.0,Dabang Delhi,Patna
7,Patna Pirates,Bengaluru Bulls,35.0,37.0,Bengaluru Bulls,Patna
8,Patna Pirates,Puneri Paltan,37.0,31.0,Patna Pirates,Pune
9,Patna Pirates,Jaipur Pink Panthers,52.0,30.0,Patna Pirates,Vizag
10,Patna Pirates,Bengal Warriors,28.0,30.0,Bengal Warriors,Vizag
11,Patna Pirates,Bengal Warriors,36.0,32.0,Patna Pirates,Jaipur
12,Patna Pirates,Telugu Titans,29.0,32.0,Telugu Titans,Jaipur
13,Patna Pirates,Bengaluru Bulls,33.0,31.0,Patna Pirates,Banglore
14,Patna Pirates,U Mumba,20.0,25.0,U Mumba,Mumbai
15,Patna Pirates,Bengaluru Bulls,26.0,31.0,Bengaluru Bulls,Kolkata
16,Patna Pirates,Jaipur Pink Panthers,29.0,23.0,Patna Pirates,Jaipur
17,Patna Pirates,Telugu Titans,22.0,34.0,Telugu Titans,Patna
18,Patna Pirates,Dabang Delhi,39.0,22.0,Patna Pirates,Patna
19,Patna Pirates,Puneri Paltan,32.0,28.0,Patna Pirates,Patna
20,Patna Pirates,Bengal Warriors,20.0,20.0,TIE,Patna
21,Patna Pirates,Telugu Titans,32.0,54.0,Telugu Titans,Hyderabad
22,Patna Pirates,Bengaluru Bulls,30.0,28.0,Patna Pirates,Delhi
23,Patna Pirates,Dabang Delhi,26.0,45.0,Dabang Delhi,Delhi
24,Patna Pirates,Bengal Warriors,34.0,32.0,Patna Pirates,Banglore
25,Patna Pirates,U Mumba,27.0,32.0,U Mumba,Banglore
26,Patna Pirates,Puneri Paltan,38.0,21.0,Patna Pirates,Pune
27,Patna Pirates,Jaipur Pink Panthers,26.0,24.0,Patna Pirates,Pune
28,Patna Pirates,Jaipur Pink Panthers,29.0,28.0,Patna Pirates,Vizag
29,Patna Pirates,Bengaluru Bulls,33.0,24.0,Patna Pirates,Banglore
30,Patna Pirates,U Mumba,40.0,26.0,Patna Pirates,Banglore
31,Patna Pirates,Telugu Titans,29.0,25.0,Patna Pirates,Kolkata
32,Patna Pirates,Bengal Warriors,36.0,31.0,Patna Pirates,Kolkata
33,Patna Pirates,Puneri Paltan,30.0,30.0,TIE,Pune
34,Patna Pirates,Dabang Delhi,47.0,34.0,Patna Pirates,Pune
35,Patna Pirates,Bengal Warriors,32.0,27.0,Patna Pirates,Patna
36,Patna Pirates,Bengaluru Bulls,36.0,22.0,Patna Pirates,Patna
37,Patna Pirates,Puneri Paltan,28.0,28.0,TIE,Patna
38,Patna Pirates,U Mumba,28.0,34.0,U Mumba,Patna
39,Patna Pirates,Jaipur Pink Panthers,47.0,24.0,Patna Pirates,Jaipur
40,Patna Pirates,Dabang Delhi,67.0,34.0,Patna Pirates,Delhi
41,Patna Pirates,Telugu Titans,41.0,42.0,Telugu Titans,Mumbai
42,Patna Pirates,Puneri Paltan,30.0,24.0,Patna Pirates,Pune
43,Patna Pirates,Telugu Titans,35.0,33.0,Patna Pirates,Hyderabad
44,Patna Pirates,Bengaluru Bulls,31.0,25.0,Patna Pirates,Patna
45,Patna Pirates,Telugu Titans,35.0,29.0,Patna Pirates,Hyderabad
46,Patna Pirates,Telugu Titans,43.0,36.0,Patna Pirates,Hyderabad
47,Patna Pirates,Bengaluru Bulls,46.0,32.0,Patna Pirates,Nagpur
48,Patna Pirates,UP Yoddha,27.0,27.0,TIE,Ahmedabad
49,Patna Pirates,Puneri Paltan,42.0,47.0,Puneri Paltan,Lucknow
50,Patna Pirates,Bengal Warriors,36.0,36.0,TIE,Mumbai
51,Patna Pirates,Tamil Thalaivas,35.0,24.0,Patna Pirates,Mumbai
52,Patna Pirates,Bengal Warriors,38.0,41.0,Bengal Warriors,Kolkata
53,Patna Pirates,Jaipur Pink Panthers,47.0,20.0,Patna Pirates,Kolkata
54,Patna Pirates,Haryana Steelers,41.0,41.0,TIE,Sonepat
55,Patna Pirates,U Mumba,41.0,51.0,U Mumba,Sonepat
56,Patna Pirates,Telugu Titans,46.0,30.0,Patna Pirates,Ranchi
57,Patna Pirates,UP Yoddha,45.0,42.0,Patna Pirates,Ranchi
58,Patna Pirates,Bengal Warriors,37.0,37.0,TIE,Ranchi
59,Patna Pirates,Bengaluru Bulls,36.0,32.0,Patna Pirates,Ranchi
60,Patna Pirates,Tamil Thalaivas,41.0,39.0,Patna Pirates,Ranchi
61,Patna Pirates,UP Yoddha,41.0,46.0,UP Yoddha,Ranchi
62,Patna Pirates,Dabang Delhi,36.0,34.0,Patna Pirates,Delhi
63,Patna Pirates,Gujarat Fortune Giants,29.0,30.0,Gujarat Fortune Giants,Chennai
64,Patna Pirates,Gujarat Fortune Giants,29.0,33.0,Gujarat Fortune Giants,Jaipur
65,Patna Pirates,Tamil Thalaivas,37.0,40.0,Tamil Thalaivas,Pune
66,Patna Pirates,Bengaluru Bulls,29.0,29.0,TIE,Pune
67,Patna Pirates,Tamil Thalaivas,26.0,42.0,Tamil Thalaivas,Chennai
68,Patna Pirates,UP Yoddha,43.0,41.0,Patna Pirates,Chennai
69,Patna Pirates,UP Yoddha,43.0,37.0,Patna Pirates,Sonepat
70,Patna Pirates,Telugu Titans,31.0,35.0,Telugu Titans,Pune
71,Patna Pirates,Jaipur Pink Panthers,41.0,30.0,Patna Pirates,Patna
72,Patna Pirates,U Mumba,39.0,40.0,U Mumba,Patna
73,Patna Pirates,Haryana Steelers,32.0,43.0,Haryana Steelers,Patna
74,Patna Pirates,Telugu Titans,32.0,53.0,Telugu Titans,Patna
75,Patna Pirates,Bengaluru Bulls,41.0,43.0,Bengaluru Bulls,Patna
76,Patna Pirates,Bengal Warriors,29.0,27.0,Patna Pirates,Patna
77,Patna Pirates,Bengal Warriors,50.0,30.0,Patna Pirates,Mumbai
78,Patna Pirates,Dabang Delhi,38.0,35.0,Patna Pirates,Mumbai
79,Patna Pirates,Tamil Thalaivas,45.0,27.0,Patna Pirates,Ahmedabad
80,Patna Pirates,Bengaluru Bulls,35.0,32.0,Patna Pirates,Pune
81,Patna Pirates,Tamil Thalaivas,35.0,35.0,TIE,Delhi
82,Patna Pirates,Gujarat Fortune Giants,27.0,45.0,Gujarat Fortune Giants,Delhi
83,Patna Pirates,Puneri Paltan,53.0,36.0,Patna Pirates,Vijag
84,Patna Pirates,Telugu Titans,36.0,41.0,Telugu Titans,Vijag
85,Patna Pirates,UP Yoddha,31.0,47.0,UP Yoddha,Panchkula
86,Patna Pirates,Bengaluru Bulls,40.0,40.0,TIE,Panchkula
87,Patna Pirates,Bengal Warriors,23.0,39.0,Bengal Warriors,Kolkata
88,Patna Pirates,Gujarat Fortune Giants,29.0,37.0,Gujarat Fortune Giants,Kolkata
89,Patna Pirates,Bengaluru Bulls,32.0,34.0,Bengaluru Bulls,Hyderabad
90,Patna Pirates,Telugu Titans,34.0,22.0,Patna Pirates,Hyderabad
91,Patna Pirates,Tamil Thalaivas,24.0,23.0,Patna Pirates,Mumbai
92,Patna Pirates,Jaipur Pink Panthers,21.0,34.0,Jaipur Pink Panthers,Patna
93,Patna Pirates,Puneri Paltan,20.0,41.0,Puneri Paltan,Patna
94,Patna Pirates,Haryana Steelers,26.0,35.0,Haryana Steelers,Patna
95,Patna Pirates,UP Yoddha,41.0,20.0,Patna Pirates,Patna
96,Patna Pirates,U Mumba,30.0,34.0,U Mumba,Ahmedabad
97,Patna Pirates,Bengal Warriors,26.0,35.0,Bengal Warriors,Chennai
98,Patna Pirates,Gujarat Fortune Giants,26.0,29.0,Gujarat Fortune Giants,Chennai
99,Patna Pirates,Dabang Delhi,35.0,38.0,Dabang Delhi,Delhi
100,Patna Pirates,Bengaluru Bulls,39.0,40.0,Bengaluru Bulls,Banglore
101,Patna Pirates,UP Yoddha,29.0,41.0,UP Yoddha,Banglore
102,Patna Pirates,Tamil Thalaivas,51.0,25.0,Patna Pirates,Kolkata
103,Patna Pirates,Jaipur Pink Panthers,36.0,33.0,Patna Pirates,Kolkata
104,Patna Pirates,Puneri Paltan,55.0,33.0,Patna Pirates,Pune
105,Patna Pirates,Telugu Titans,42.0,42.0,TIE,Pune
106,Patna Pirates,Haryana Steelers,34.0,39.0,Haryana Steelers,Jaipur
