,Team,Opposition,Team Score,Opposition Score,Winner,Venue 
0,UP Yoddha,Telugu Titans,31.0,18.0,UP Yoddha,Hyderabad
1,UP Yoddha,Bengaluru Bulls,32.0,27.0,UP Yoddha,Nagpur
2,UP Yoddha,Bengal Warriors,20.0,40.0,Bengal Warriors,Nagpur
3,UP Yoddha,Telugu Titans,39.0,32.0,UP Yoddha,Ahmedabad
4,UP Yoddha,Patna Pirates,27.0,27.0,TIE,Ahmedabad
5,UP Yoddha,U Mumba,34.0,37.0,U Mumba,Lucknow
6,UP Yoddha,Haryana Steelers,29.0,36.0,Haryana Steelers,Lucknow
7,UP Yoddha,Jaipur Pink Panthers,22.0,24.0,Jaipur Pink Panthers,Lucknow
8,UP Yoddha,Bengal Warriors,31.0,32.0,Bengal Warriors,Lucknow
9,UP Yoddha,Tamil Thalaivas,33.0,33.0,TIE,Lucknow
10,UP Yoddha,Telugu Titans,25.0,23.0,UP Yoddha,Lucknow
11,UP Yoddha,Bengaluru Bulls,0.0,0.0,TIE,Mumbai
12,UP Yoddha,Bengal Warriors,26.0,26.0,TIE,Kolkata
13,UP Yoddha,Gujarat Fortune Giants,30.0,30.0,TIE,Sonepat
14,UP Yoddha,Tamil Thalaivas,33.0,34.0,Tamil Thalaivas,Sonepat
15,UP Yoddha,Patna Pirates,42.0,45.0,Patna Pirates,Ranchi
16,UP Yoddha,Patna Pirates,46.0,41.0,UP Yoddha,Ranchi
17,UP Yoddha,Dabang Delhi,45.0,16.0,UP Yoddha,Delhi
18,UP Yoddha,Puneri Paltan,33.0,34.0,Puneri Paltan,Chennai
19,UP Yoddha,Tamil Thalaivas,37.0,33.0,UP Yoddha,Chennai
20,UP Yoddha,Jaipur Pink Panthers,53.0,32.0,UP Yoddha,Jaipur
21,UP Yoddha,Bengaluru Bulls,32.0,38.0,Bengaluru Bulls,Pune
22,UP Yoddha,Bengaluru Bulls,24.0,64.0,Bengaluru Bulls,Pune
23,UP Yoddha,Tamil Thalaivas,37.0,32.0,UP Yoddha,Chennai
24,UP Yoddha,Patna Pirates,41.0,43.0,Patna Pirates,Chennai
25,UP Yoddha,Telugu Titans,29.0,34.0,Telugu Titans,Sonepat
26,UP Yoddha,Patna Pirates,37.0,43.0,Patna Pirates,Sonepat
27,UP Yoddha,Bengal Warriors,40.0,40.0,TIE,Pune
28,UP Yoddha,Puneri Paltan,29.0,23.0,UP Yoddha,Pune
29,UP Yoddha,Dabang Delhi,38.0,36.0,UP Yoddha,Patna
30,UP Yoddha,Tamil Thalaivas,24.0,46.0,Tamil Thalaivas,Greater Noida
31,UP Yoddha,Bengaluru Bulls,29.0,35.0,Bengaluru Bulls,Greater Noida
32,UP Yoddha,Bengal Warriors,30.0,30.0,TIE,Greater Noida
33,UP Yoddha,Telugu Titans,26.0,26.0,TIE,Greater Noida
34,UP Yoddha,Bengaluru Bulls,27.0,37.0,Bengaluru Bulls,Greater Noida
35,UP Yoddha,U Mumba,24.0,41.0,U Mumba,Mumbai
36,UP Yoddha,Jaipur Pink Panthers,28.0,45.0,Jaipur Pink Panthers,Ahmedabad
37,UP Yoddha,Gujarat Fortune Giants,32.0,37.0,Gujarat Fortune Giants,Ahmedabad
38,UP Yoddha,Bengaluru Bulls,27.0,37.0,Bengaluru Bulls,Pune
39,UP Yoddha,Haryana Steelers,30.0,29.0,UP Yoddha,Delhi
40,UP Yoddha,Telugu Titans,27.0,20.0,UP Yoddha,Vijag
41,UP Yoddha,Tamil Thalaivas,25.0,25.0,TIE,Panchkula
42,UP Yoddha,Patna Pirates,47.0,31.0,UP Yoddha,Panchkula
43,UP Yoddha,U Mumba,34.0,32.0,UP Yoddha,Kolkata
44,UP Yoddha,Bengal Warriors,41.0,25.0,UP Yoddha,Kolkata
45,UP Yoddha,Bengal Warriors,17.0,48.0,Bengal Warriors,Hyderabad
46,UP Yoddha,Gujarat Fortune Giants,19.0,44.0,Gujarat Fortune Giants,Hyderabad
47,UP Yoddha,U Mumba,27.0,23.0,UP Yoddha,Mumbai
48,UP Yoddha,Telugu Titans,20.0,20.0,TIE,Mumbai
49,UP Yoddha,Tamil Thalaivas,28.0,28.0,TIE,Patna
50,UP Yoddha,Patna Pirates,20.0,41.0,Patna Pirates,Patna
51,UP Yoddha,Bengaluru Bulls,35.0,33.0,UP Yoddha,Ahmedabad
52,UP Yoddha,Haryana Steelers,33.0,36.0,Haryana Steelers,Ahmedabad
53,UP Yoddha,Jaipur Pink Panthers,31.0,24.0,UP Yoddha,Chennai
54,UP Yoddha,Dabang Delhi,27.0,36.0,Dabang Delhi,Delhi
55,UP Yoddha,Puneri Paltan,35.0,30.0,UP Yoddha,Delhi
56,UP Yoddha,Bengal Warriors,32.0,29.0,UP Yoddha,Banglore
57,UP Yoddha,Patna Pirates,41.0,29.0,UP Yoddha,Banglore
58,UP Yoddha,Gujarat Fortune Giants,33.0,26.0,UP Yoddha,Kolkata
59,UP Yoddha,Jaipur Pink Panthers,38.0,32.0,UP Yoddha,Pune
60,UP Yoddha,U Mumba,36.0,39.0,U Mumba,Pune
61,UP Yoddha,Tamil Thalaivas,42.0,22.0,UP Yoddha,Jaipur
