,Team,Opposition,Team Score,Opposition Score,Winner,Venue 
0,Bengaluru Bulls,Dabang Delhi,47.0,28.0,Bengaluru Bulls,Mumbai
1,Bengaluru Bulls,Puneri Paltan,40.0,37.0,Bengaluru Bulls,Mumbai
2,Bengaluru Bulls,Bengal Warriors,46.0,30.0,Bengaluru Bulls,Kolkata
3,Bengaluru Bulls,Puneri Paltan,31.0,33.0,Puneri Paltan,Delhi
4,Bengaluru Bulls,U Mumba,34.0,45.0,U Mumba,Delhi
5,Bengaluru Bulls,Patna Pirates,37.0,35.0,Bengaluru Bulls,Patna
6,Bengaluru Bulls,U Mumba,33.0,30.0,Bengaluru Bulls,Pune
7,Bengaluru Bulls,Dabang Delhi,27.0,29.0,Dabang Delhi,Pune
8,Bengaluru Bulls,Telugu Titans,28.0,28.0,Bengaluru Bulls,Vizag
9,Bengaluru Bulls,Jaipur Pink Panthers,31.0,36.0,Jaipur Pink Panthers,Jaipur
10,Bengaluru Bulls,Bengal Warriors,37.0,24.0,Bengaluru Bulls,Banglore
11,Bengaluru Bulls,Patna Pirates,31.0,33.0,Patna Pirates,Banglore
12,Bengaluru Bulls,Telugu Titans,27.0,26.0,Bengaluru Bulls,Banglore
13,Bengaluru Bulls,Jaipur Pink Panthers,30.0,29.0,Bengaluru Bulls,Banglore
14,Bengaluru Bulls,Bengal Warriors,33.0,25.0,Bengaluru Bulls,Mumbai
15,Bengaluru Bulls,U Mumba,23.0,36.0,U Mumba,Mumbai
16,Bengaluru Bulls,Patna Pirates,31.0,26.0,Bengaluru Bulls,Kolkata
17,Bengaluru Bulls,Puneri Paltan,31.0,26.0,Bengaluru Bulls,Kolkata
18,Bengaluru Bulls,Dabang Delhi,33.0,18.0,Bengaluru Bulls,Jaipur
19,Bengaluru Bulls,Jaipur Pink Panthers,23.0,36.0,Jaipur Pink Panthers,Jaipur
20,Bengaluru Bulls,Telugu Titans,35.0,21.0,Bengaluru Bulls,Patna
21,Bengaluru Bulls,Bengal Warriors,33.0,22.0,Bengaluru Bulls,Hyderabad
22,Bengaluru Bulls,Patna Pirates,28.0,30.0,Patna Pirates,Delhi
23,Bengaluru Bulls,U Mumba,29.0,36.0,U Mumba,Banglore
24,Bengaluru Bulls,Jaipur Pink Panthers,25.0,27.0,Jaipur Pink Panthers,Banglore
25,Bengaluru Bulls,Dabang Delhi,40.0,21.0,Bengaluru Bulls,Banglore
26,Bengaluru Bulls,Telugu Titans,43.0,29.0,Bengaluru Bulls,Banglore
27,Bengaluru Bulls,Puneri Paltan,31.0,30.0,Bengaluru Bulls,Pune
28,Bengaluru Bulls,Dabang Delhi,35.0,29.0,Bengaluru Bulls,Vizag
29,Bengaluru Bulls,Patna Pirates,24.0,33.0,Patna Pirates,Banglore
30,Bengaluru Bulls,Bengal Warriors,24.0,34.0,Bengal Warriors,Banglore
31,Bengaluru Bulls,Jaipur Pink Panthers,36.0,26.0,Bengaluru Bulls,Banglore
32,Bengaluru Bulls,Telugu Titans,26.0,35.0,Telugu Titans,Banglore
33,Bengaluru Bulls,U Mumba,28.0,29.0,U Mumba,Kolkata
34,Bengaluru Bulls,Puneri Paltan,27.0,29.0,Puneri Paltan,Pune
35,Bengaluru Bulls,Patna Pirates,22.0,36.0,Patna Pirates,Patna
36,Bengaluru Bulls,Dabang Delhi,21.0,35.0,Dabang Delhi,Patna
37,Bengaluru Bulls,Jaipur Pink Panthers,21.0,30.0,Jaipur Pink Panthers,Jaipur
38,Bengaluru Bulls,Telugu Titans,22.0,40.0,Telugu Titans,Jaipur
39,Bengaluru Bulls,U Mumba,18.0,39.0,U Mumba,Delhi
40,Bengaluru Bulls,Puneri Paltan,27.0,44.0,Puneri Paltan,Delhi
41,Bengaluru Bulls,Bengal Warriors,22.0,26.0,Bengal Warriors,Mumbai
42,Bengaluru Bulls,Bengal Warriors,24.0,23.0,Bengaluru Bulls,Pune
43,Bengaluru Bulls,Jaipur Pink Panthers,28.0,28.0,TIE,Jaipur
44,Bengaluru Bulls,Dabang Delhi,24.0,32.0,Dabang Delhi,Jaipur
45,Bengaluru Bulls,Puneri Paltan,29.0,27.0,Bengaluru Bulls,Hyderabad
46,Bengaluru Bulls,Telugu Titans,30.0,28.0,Bengaluru Bulls,Hyderabad
47,Bengaluru Bulls,Patna Pirates,25.0,31.0,Patna Pirates,Patna
48,Bengaluru Bulls,U Mumba,23.0,24.0,U Mumba,Patna
49,Bengaluru Bulls,Telugu Titans,31.0,21.0,Bengaluru Bulls,Hyderabad
50,Bengaluru Bulls,Tamil Thalaivas,32.0,31.0,Bengaluru Bulls,Nagpur
51,Bengaluru Bulls,UP Yoddha,27.0,32.0,UP Yoddha,Nagpur
52,Bengaluru Bulls,Patna Pirates,32.0,46.0,Patna Pirates,Nagpur
53,Bengaluru Bulls,Telugu Titans,21.0,21.0,TIE,Nagpur
54,Bengaluru Bulls,Bengal Warriors,31.0,25.0,Bengaluru Bulls,Nagpur
55,Bengaluru Bulls,Tamil Thalaivas,24.0,29.0,Tamil Thalaivas,Nagpur
56,Bengaluru Bulls,Gujarat Fortune Giants,24.0,27.0,Gujarat Fortune Giants,Ahmedabad
57,Bengaluru Bulls,Jaipur Pink Panthers,28.0,30.0,Jaipur Pink Panthers,Lucknow
58,Bengaluru Bulls,Bengal Warriors,26.0,32.0,Bengal Warriors,Mumbai
59,Bengaluru Bulls,UP Yoddha,0.0,0.0,TIE,Mumbai
60,Bengaluru Bulls,Dabang Delhi,30.0,38.0,Dabang Delhi,Kolkata
61,Bengaluru Bulls,Haryana Steelers,31.0,38.0,Haryana Steelers,Sonepat
62,Bengaluru Bulls,Puneri Paltan,24.0,20.0,Bengaluru Bulls,Sonepat
63,Bengaluru Bulls,Telugu Titans,26.0,26.0,TIE,Ranchi
64,Bengaluru Bulls,Patna Pirates,32.0,36.0,Patna Pirates,Ranchi
65,Bengaluru Bulls,Bengal Warriors,29.0,33.0,Bengal Warriors,Delhi
66,Bengaluru Bulls,U Mumba,30.0,42.0,U Mumba,Delhi
67,Bengaluru Bulls,Tamil Thalaivas,45.0,35.0,Bengaluru Bulls,Chennai
68,Bengaluru Bulls,Dabang Delhi,35.0,32.0,Bengaluru Bulls,Jaipur
69,Bengaluru Bulls,UP Yoddha,38.0,32.0,Bengaluru Bulls,Pune
70,Bengaluru Bulls,UP Yoddha,64.0,24.0,Bengaluru Bulls,Pune
71,Bengaluru Bulls,Patna Pirates,29.0,29.0,TIE,Pune
72,Bengaluru Bulls,Tamil Thalaivas,48.0,37.0,Bengaluru Bulls,Chennai
73,Bengaluru Bulls,Tamil Thalaivas,44.0,35.0,Bengaluru Bulls,Sonepat
74,Bengaluru Bulls,Puneri Paltan,25.0,27.0,Puneri Paltan,Pune
75,Bengaluru Bulls,Haryana Steelers,42.0,34.0,Bengaluru Bulls,Pune
76,Bengaluru Bulls,Patna Pirates,43.0,41.0,Bengaluru Bulls,Patna
77,Bengaluru Bulls,UP Yoddha,35.0,29.0,Bengaluru Bulls,Greater Noida
78,Bengaluru Bulls,UP Yoddha,37.0,27.0,Bengaluru Bulls,Greater Noida
79,Bengaluru Bulls,U Mumba,29.0,32.0,U Mumba,Mumbai
80,Bengaluru Bulls,Gujarat Fortune Giants,30.0,30.0,TIE,Ahmedabad
81,Bengaluru Bulls,Jaipur Pink Panthers,45.0,32.0,Bengaluru Bulls,Ahmedabad
82,Bengaluru Bulls,Bengal Warriors,31.0,33.0,Bengal Warriors,Pune
83,Bengaluru Bulls,Tamil Thalaivas,36.0,22.0,Bengaluru Bulls,Pune
84,Bengaluru Bulls,Patna Pirates,32.0,35.0,Patna Pirates,Pune
85,Bengaluru Bulls,UP Yoddha,37.0,27.0,Bengaluru Bulls,Pune
86,Bengaluru Bulls,Telugu Titans,34.0,26.0,Bengaluru Bulls,Pune
87,Bengaluru Bulls,Bengal Warriors,37.0,44.0,Bengal Warriors,Pune
88,Bengaluru Bulls,Dabang Delhi,31.0,32.0,Dabang Delhi,Delhi
89,Bengaluru Bulls,Telugu Titans,37.0,24.0,Bengaluru Bulls,Vijag
90,Bengaluru Bulls,Telugu Titans,44.0,28.0,Bengaluru Bulls,Panchkula
91,Bengaluru Bulls,Patna Pirates,40.0,40.0,TIE,Panchkula
92,Bengaluru Bulls,Bengal Warriors,31.0,37.0,Bengal Warriors,Kolkata
93,Bengaluru Bulls,Jaipur Pink Panthers,40.0,32.0,Bengaluru Bulls,Kolkata
94,Bengaluru Bulls,Patna Pirates,34.0,32.0,Bengaluru Bulls,Hyderabad
95,Bengaluru Bulls,Gujarat Fortune Giants,24.0,42.0,Gujarat Fortune Giants,Hyderabad
96,Bengaluru Bulls,U Mumba,30.0,26.0,Bengaluru Bulls,Mumbai
97,Bengaluru Bulls,Bengal Warriors,43.0,42.0,Bengaluru Bulls,Patna
98,Bengaluru Bulls,Telugu Titans,47.0,26.0,Bengaluru Bulls,Patna
99,Bengaluru Bulls,Haryana Steelers,30.0,33.0,Haryana Steelers,Ahmedabad
100,Bengaluru Bulls,UP Yoddha,33.0,35.0,UP Yoddha,Ahmedabad
101,Bengaluru Bulls,Tamil Thalaivas,32.0,21.0,Bengaluru Bulls,Chennai
102,Bengaluru Bulls,Puneri Paltan,23.0,31.0,Puneri Paltan,Chennai
103,Bengaluru Bulls,Dabang Delhi,31.0,33.0,Dabang Delhi,Delhi
104,Bengaluru Bulls,Jaipur Pink Panthers,41.0,30.0,Bengaluru Bulls,Delhi
105,Bengaluru Bulls,Gujarat Fortune Giants,23.0,32.0,Gujarat Fortune Giants,Banglore
106,Bengaluru Bulls,Tamil Thalaivas,33.0,27.0,Bengaluru Bulls,Banglore
107,Bengaluru Bulls,Patna Pirates,40.0,39.0,Bengaluru Bulls,Banglore
108,Bengaluru Bulls,Telugu Titans,40.0,39.0,Bengaluru Bulls,Banglore
109,Bengaluru Bulls,Bengal Warriors,40.0,42.0,Bengal Warriors,Kolkata
110,Bengaluru Bulls,Puneri Paltan,38.0,42.0,Puneri Paltan,Pune
111,Bengaluru Bulls,Dabang Delhi,39.0,39.0,TIE,Jaipur
