,Team,Opposition,Team Score,Opposition Score,Winner,Venue 
0,Tamil Thalaivas,Telugu Titans,27.0,32.0,Telugu Titans,Hyderabad
1,Tamil Thalaivas,Bengaluru Bulls,31.0,32.0,Bengaluru Bulls,Nagpur
2,Tamil Thalaivas,Bengaluru Bulls,29.0,24.0,Tamil Thalaivas,Nagpur
3,Tamil Thalaivas,Haryana Steelers,25.0,25.0,TIE,Ahmedabad
4,Tamil Thalaivas,Dabang Delhi,29.0,30.0,Dabang Delhi,Ahmedabad
5,Tamil Thalaivas,UP Yoddha,33.0,33.0,TIE,Lucknow
6,Tamil Thalaivas,Patna Pirates,24.0,35.0,Patna Pirates,Mumbai
7,Tamil Thalaivas,Telugu Titans,28.0,33.0,Telugu Titans,Mumbai
8,Tamil Thalaivas,Bengal Warriors,25.0,29.0,Bengal Warriors,Kolkata
9,Tamil Thalaivas,UP Yoddha,34.0,33.0,Tamil Thalaivas,Sonepat
10,Tamil Thalaivas,Patna Pirates,39.0,41.0,Patna Pirates,Ranchi
11,Tamil Thalaivas,Bengal Warriors,33.0,32.0,Tamil Thalaivas,Delhi
12,Tamil Thalaivas,Gujarat Fortune Giants,35.0,34.0,Tamil Thalaivas,Delhi
13,Tamil Thalaivas,Puneri Paltan,20.0,33.0,Puneri Paltan,Chennai
14,Tamil Thalaivas,Jaipur Pink Panthers,26.0,27.0,Jaipur Pink Panthers,Chennai
15,Tamil Thalaivas,U Mumba,30.0,33.0,U Mumba,Chennai
16,Tamil Thalaivas,Telugu Titans,37.0,58.0,Telugu Titans,Chennai
17,Tamil Thalaivas,UP Yoddha,33.0,37.0,UP Yoddha,Chennai
18,Tamil Thalaivas,Bengaluru Bulls,35.0,45.0,Bengaluru Bulls,Chennai
19,Tamil Thalaivas,U Mumba,38.0,35.0,Tamil Thalaivas,Jaipur
20,Tamil Thalaivas,Bengal Warriors,30.0,34.0,Bengal Warriors,Pune
21,Tamil Thalaivas,Patna Pirates,40.0,37.0,Tamil Thalaivas,Pune
22,Tamil Thalaivas,Patna Pirates,42.0,26.0,Tamil Thalaivas,Chennai
23,Tamil Thalaivas,UP Yoddha,32.0,37.0,UP Yoddha,Chennai
24,Tamil Thalaivas,Telugu Titans,28.0,33.0,Telugu Titans,Chennai
25,Tamil Thalaivas,Bengaluru Bulls,37.0,48.0,Bengaluru Bulls,Chennai
26,Tamil Thalaivas,Bengal Warriors,27.0,36.0,Bengal Warriors,Chennai
27,Tamil Thalaivas,Bengaluru Bulls,35.0,44.0,Bengaluru Bulls,Sonepat
28,Tamil Thalaivas,Puneri Paltan,36.0,31.0,Tamil Thalaivas,Pune
29,Tamil Thalaivas,Gujarat Fortune Giants,25.0,36.0,Gujarat Fortune Giants,Patna
30,Tamil Thalaivas,UP Yoddha,46.0,24.0,Tamil Thalaivas,Greater Noida
31,Tamil Thalaivas,Haryana Steelers,32.0,32.0,TIE,Mumbai
32,Tamil Thalaivas,U Mumba,22.0,36.0,U Mumba,Mumbai
33,Tamil Thalaivas,Telugu Titans,27.0,23.0,Tamil Thalaivas,Ahmedabad
34,Tamil Thalaivas,Patna Pirates,27.0,45.0,Patna Pirates,Ahmedabad
35,Tamil Thalaivas,Bengaluru Bulls,22.0,36.0,Bengaluru Bulls,Pune
36,Tamil Thalaivas,Telugu Titans,31.0,25.0,Tamil Thalaivas,Pune
37,Tamil Thalaivas,Patna Pirates,35.0,35.0,TIE,Delhi
38,Tamil Thalaivas,Dabang Delhi,33.0,37.0,Dabang Delhi,Delhi
39,Tamil Thalaivas,Jaipur Pink Panthers,24.0,37.0,Jaipur Pink Panthers,Vijag
40,Tamil Thalaivas,Bengal Warriors,21.0,28.0,Bengal Warriors,Panchkula
41,Tamil Thalaivas,UP Yoddha,25.0,25.0,TIE,Panchkula
42,Tamil Thalaivas,Bengal Warriors,24.0,27.0,Bengal Warriors,Kolkata
43,Tamil Thalaivas,Haryana Steelers,40.0,40.0,TIE,Kolkata
44,Tamil Thalaivas,Telugu Titans,39.0,26.0,Tamil Thalaivas,Hyderabad
45,Tamil Thalaivas,Dabang Delhi,29.0,30.0,Dabang Delhi,Hyderabad
46,Tamil Thalaivas,Patna Pirates,23.0,24.0,Patna Pirates,Mumbai
47,Tamil Thalaivas,Haryana Steelers,35.0,28.0,Tamil Thalaivas,Patna
48,Tamil Thalaivas,UP Yoddha,28.0,28.0,TIE,Patna
49,Tamil Thalaivas,Gujarat Fortune Giants,34.0,28.0,Tamil Thalaivas,Ahmedabad
50,Tamil Thalaivas,Bengaluru Bulls,21.0,32.0,Bengaluru Bulls,Chennai
51,Tamil Thalaivas,Puneri Paltan,31.0,31.0,TIE,Chennai
52,Tamil Thalaivas,Jaipur Pink Panthers,26.0,28.0,Jaipur Pink Panthers,Chennai
53,Tamil Thalaivas,U Mumba,24.0,29.0,U Mumba,Chennai
54,Tamil Thalaivas,Bengal Warriors,26.0,35.0,Bengal Warriors,Delhi
55,Tamil Thalaivas,Bengaluru Bulls,27.0,33.0,Bengaluru Bulls,Banglore
56,Tamil Thalaivas,Telugu Titans,30.0,35.0,Telugu Titans,Banglore
57,Tamil Thalaivas,Dabang Delhi,34.0,50.0,Dabang Delhi,Kolkata
58,Tamil Thalaivas,Patna Pirates,25.0,51.0,Patna Pirates,Kolkata
59,Tamil Thalaivas,Haryana Steelers,35.0,43.0,Haryana Steelers,Pune
60,Tamil Thalaivas,Puneri Paltan,36.0,36.0,TIE,Pune
61,Tamil Thalaivas,UP Yoddha,22.0,42.0,UP Yoddha,Jaipur
