,Team,Opposition,Team Score,Opposition Score,Winner,Venue 
0,Gujarat Fortune Giants,Dabang Delhi,26.0,20.0,Gujarat Fortune Giants,Hyderabad
1,Gujarat Fortune Giants,Haryana Steelers,27.0,27.0,TIE,Hyderabad
2,Gujarat Fortune Giants,Haryana Steelers,20.0,32.0,Haryana Steelers,Nagpur
3,Gujarat Fortune Giants,U Mumba,39.0,21.0,Gujarat Fortune Giants,Ahmedabad
4,Gujarat Fortune Giants,Dabang Delhi,29.0,25.0,Gujarat Fortune Giants,Ahmedabad
5,Gujarat Fortune Giants,Jaipur Pink Panthers,27.0,20.0,Gujarat Fortune Giants,Ahmedabad
6,Gujarat Fortune Giants,Bengaluru Bulls,27.0,24.0,Gujarat Fortune Giants,Ahmedabad
7,Gujarat Fortune Giants,Telugu Titans,29.0,19.0,Gujarat Fortune Giants,Ahmedabad
8,Gujarat Fortune Giants,Bengal Warriors,26.0,26.0,TIE,Ahmedabad
9,Gujarat Fortune Giants,Puneri Paltan,35.0,21.0,Gujarat Fortune Giants,Lucknow
10,Gujarat Fortune Giants,U Mumba,0.0,0.0,TIE,Mumbai
11,Gujarat Fortune Giants,Haryana Steelers,36.0,42.0,Haryana Steelers,Kolkata
12,Gujarat Fortune Giants,Jaipur Pink Panthers,25.0,31.0,Jaipur Pink Panthers,Kolkata
13,Gujarat Fortune Giants,UP Yoddha,30.0,30.0,TIE,Sonepat
14,Gujarat Fortune Giants,U Mumba,39.0,28.0,Gujarat Fortune Giants,Ranchi
15,Gujarat Fortune Giants,U Mumba,45.0,23.0,Gujarat Fortune Giants,Ranchi
16,Gujarat Fortune Giants,Tamil Thalaivas,34.0,35.0,Tamil Thalaivas,Delhi
17,Gujarat Fortune Giants,Patna Pirates,30.0,29.0,Gujarat Fortune Giants,Chennai
18,Gujarat Fortune Giants,Dabang Delhi,42.0,22.0,Gujarat Fortune Giants,Chennai
19,Gujarat Fortune Giants,Jaipur Pink Panthers,29.0,23.0,Gujarat Fortune Giants,Jaipur
20,Gujarat Fortune Giants,Patna Pirates,33.0,29.0,Gujarat Fortune Giants,Jaipur
21,Gujarat Fortune Giants,Puneri Paltan,44.0,20.0,Gujarat Fortune Giants,Pune
22,Gujarat Fortune Giants,Puneri Paltan,23.0,22.0,Gujarat Fortune Giants,Pune
23,Gujarat Fortune Giants,Dabang Delhi,32.0,32.0,TIE,Chennai
24,Gujarat Fortune Giants,Haryana Steelers,25.0,36.0,Haryana Steelers,Sonepat
25,Gujarat Fortune Giants,Puneri Paltan,34.0,28.0,Gujarat Fortune Giants,Pune
26,Gujarat Fortune Giants,Tamil Thalaivas,36.0,25.0,Gujarat Fortune Giants,Patna
27,Gujarat Fortune Giants,Puneri Paltan,37.0,27.0,Gujarat Fortune Giants,Patna
28,Gujarat Fortune Giants,Jaipur Pink Panthers,36.0,25.0,Gujarat Fortune Giants,Greater Noida
29,Gujarat Fortune Giants,Dabang Delhi,45.0,38.0,Gujarat Fortune Giants,Greater Noida
30,Gujarat Fortune Giants,U Mumba,38.0,36.0,Gujarat Fortune Giants,Mumbai
31,Gujarat Fortune Giants,Bengal Warriors,35.0,23.0,Gujarat Fortune Giants,Ahmedabad
32,Gujarat Fortune Giants,Bengaluru Bulls,30.0,30.0,TIE,Ahmedabad
33,Gujarat Fortune Giants,UP Yoddha,37.0,32.0,Gujarat Fortune Giants,Ahmedabad
34,Gujarat Fortune Giants,Dabang Delhi,26.0,29.0,Dabang Delhi,Ahmedabad
35,Gujarat Fortune Giants,U Mumba,39.0,35.0,Gujarat Fortune Giants,Ahmedabad
36,Gujarat Fortune Giants,Haryana Steelers,40.0,31.0,Gujarat Fortune Giants,Ahmedabad
37,Gujarat Fortune Giants,Puneri Paltan,35.0,20.0,Gujarat Fortune Giants,Pune
38,Gujarat Fortune Giants,U Mumba,26.0,36.0,U Mumba,Delhi
39,Gujarat Fortune Giants,Patna Pirates,45.0,27.0,Gujarat Fortune Giants,Delhi
40,Gujarat Fortune Giants,Telugu Titans,29.0,27.0,Gujarat Fortune Giants,Vijag
41,Gujarat Fortune Giants,Haryana Steelers,47.0,37.0,Gujarat Fortune Giants,Vijag
42,Gujarat Fortune Giants,Jaipur Pink Panthers,34.0,29.0,Gujarat Fortune Giants,Panchkula
43,Gujarat Fortune Giants,Jaipur Pink Panthers,33.0,31.0,Gujarat Fortune Giants,Panchkula
44,Gujarat Fortune Giants,Patna Pirates,37.0,29.0,Gujarat Fortune Giants,Kolkata
45,Gujarat Fortune Giants,Bengaluru Bulls,42.0,24.0,Gujarat Fortune Giants,Hyderabad
46,Gujarat Fortune Giants,UP Yoddha,44.0,19.0,Gujarat Fortune Giants,Hyderabad
47,Gujarat Fortune Giants,Dabang Delhi,31.0,26.0,Gujarat Fortune Giants,Mumbai
48,Gujarat Fortune Giants,U Mumba,20.0,32.0,U Mumba,Mumbai
49,Gujarat Fortune Giants,Puneri Paltan,31.0,33.0,Puneri Paltan,Patna
50,Gujarat Fortune Giants,Tamil Thalaivas,28.0,34.0,Tamil Thalaivas,Ahmedabad
51,Gujarat Fortune Giants,Telugu Titans,24.0,30.0,Telugu Titans,Ahmedabad
52,Gujarat Fortune Giants,Bengal Warriors,26.0,28.0,Bengal Warriors,Ahmedabad
53,Gujarat Fortune Giants,Jaipur Pink Panthers,19.0,22.0,Jaipur Pink Panthers,Ahmedabad
54,Gujarat Fortune Giants,Patna Pirates,29.0,26.0,Gujarat Fortune Giants,Chennai
55,Gujarat Fortune Giants,Haryana Steelers,25.0,41.0,Haryana Steelers,Delhi
56,Gujarat Fortune Giants,Bengaluru Bulls,32.0,23.0,Gujarat Fortune Giants,Banglore
57,Gujarat Fortune Giants,Bengal Warriors,25.0,25.0,TIE,Kolkata
58,Gujarat Fortune Giants,UP Yoddha,26.0,33.0,UP Yoddha,Kolkata
59,Gujarat Fortune Giants,Puneri Paltan,33.0,43.0,Puneri Paltan,Pune
60,Gujarat Fortune Giants,Dabang Delhi,30.0,34.0,Dabang Delhi,Pune
61,Gujarat Fortune Giants,Jaipur Pink Panthers,28.0,28.0,TIE,Jaipur
62,Gujarat Fortune Giants,U Mumba,25.0,31.0,U Mumba,Jaipur
