,Team,Opposition,Team Score,Opposition Score,Winner,Venue 
0,Puneri Paltan,Bengaluru Bulls,37.0,40.0,Bengaluru Bulls,Mumbai
1,Puneri Paltan,Dabang Delhi,31.0,35.0,Dabang Delhi,Mumbai
2,Puneri Paltan,Bengal Warriors,35.0,38.0,Bengal Warriors,Kolkata
3,Puneri Paltan,Bengaluru Bulls,33.0,31.0,Puneri Paltan,Delhi
4,Puneri Paltan,U Mumba,28.0,44.0,U Mumba,Delhi
5,Puneri Paltan,Patna Pirates,27.0,35.0,Patna Pirates,Patna
6,Puneri Paltan,Telugu Titans,36.0,42.0,Telugu Titans,Pune
7,Puneri Paltan,Bengal Warriors,40.0,30.0,Puneri Paltan,Pune
8,Puneri Paltan,Jaipur Pink Panthers,23.0,50.0,Jaipur Pink Panthers,Pune
9,Puneri Paltan,Patna Pirates,31.0,37.0,Patna Pirates,Pune
10,Puneri Paltan,Telugu Titans,24.0,60.0,Telugu Titans,Vizag
11,Puneri Paltan,Jaipur Pink Panthers,27.0,33.0,Jaipur Pink Panthers,Jaipur
12,Puneri Paltan,Dabang Delhi,22.0,45.0,Dabang Delhi,Banglore
13,Puneri Paltan,U Mumba,35.0,36.0,U Mumba,Banglore
14,Puneri Paltan,Telugu Titans,24.0,45.0,Telugu Titans,Mumbai
15,Puneri Paltan,U Mumba,21.0,28.0,U Mumba,Mumbai
16,Puneri Paltan,Dabang Delhi,37.0,38.0,Dabang Delhi,Kolkata
17,Puneri Paltan,Bengaluru Bulls,26.0,31.0,Bengaluru Bulls,Kolkata
18,Puneri Paltan,Bengal Warriors,33.0,29.0,Puneri Paltan,Jaipur
19,Puneri Paltan,Patna Pirates,28.0,32.0,Patna Pirates,Patna
20,Puneri Paltan,Jaipur Pink Panthers,29.0,35.0,Jaipur Pink Panthers,Patna
21,Puneri Paltan,Telugu Titans,29.0,29.0,TIE,Hyderabad
22,Puneri Paltan,Jaipur Pink Panthers,18.0,31.0,Jaipur Pink Panthers,Delhi
23,Puneri Paltan,Bengal Warriors,28.0,31.0,Bengal Warriors,Banglore
24,Puneri Paltan,Dabang Delhi,33.0,28.0,Puneri Paltan,Pune
25,Puneri Paltan,U Mumba,34.0,39.0,U Mumba,Pune
26,Puneri Paltan,Patna Pirates,21.0,38.0,Patna Pirates,Pune
27,Puneri Paltan,Bengaluru Bulls,30.0,31.0,Bengaluru Bulls,Pune
28,Puneri Paltan,Telugu Titans,26.0,27.0,Telugu Titans,Vizag
29,Puneri Paltan,Dabang Delhi,38.0,20.0,Puneri Paltan,Banglore
30,Puneri Paltan,Bengal Warriors,28.0,33.0,Bengal Warriors,Kolkata
31,Puneri Paltan,Patna Pirates,30.0,30.0,TIE,Pune
32,Puneri Paltan,Jaipur Pink Panthers,32.0,32.0,TIE,Pune
33,Puneri Paltan,U Mumba,27.0,29.0,U Mumba,Pune
34,Puneri Paltan,Bengaluru Bulls,29.0,27.0,Puneri Paltan,Pune
35,Puneri Paltan,Patna Pirates,28.0,28.0,TIE,Patna
36,Puneri Paltan,Dabang Delhi,32.0,22.0,Puneri Paltan,Jaipur
37,Puneri Paltan,Jaipur Pink Panthers,33.0,18.0,Puneri Paltan,Jaipur
38,Puneri Paltan,Telugu Titans,41.0,24.0,Puneri Paltan,Delhi
39,Puneri Paltan,Bengaluru Bulls,44.0,27.0,Puneri Paltan,Delhi
40,Puneri Paltan,U Mumba,27.0,30.0,U Mumba,Mumbai
41,Puneri Paltan,Bengal Warriors,43.0,19.0,Puneri Paltan,Mumbai
42,Puneri Paltan,Telugu Titans,28.0,24.0,Puneri Paltan,Pune
43,Puneri Paltan,U Mumba,41.0,19.0,Puneri Paltan,Pune
44,Puneri Paltan,Patna Pirates,24.0,30.0,Patna Pirates,Pune
45,Puneri Paltan,Dabang Delhi,27.0,27.0,TIE,Pune
46,Puneri Paltan,U Mumba,36.0,34.0,Puneri Paltan,Jaipur
47,Puneri Paltan,Jaipur Pink Panthers,33.0,28.0,Puneri Paltan,Jaipur
48,Puneri Paltan,Bengaluru Bulls,27.0,29.0,Bengaluru Bulls,Hyderabad
49,Puneri Paltan,U Mumba,33.0,21.0,Puneri Paltan,Hyderabad
50,Puneri Paltan,Dabang Delhi,26.0,21.0,Puneri Paltan,Nagpur
51,Puneri Paltan,Jaipur Pink Panthers,28.0,30.0,Jaipur Pink Panthers,Nagpur
52,Puneri Paltan,Bengal Warriors,34.0,17.0,Puneri Paltan,Ahmedabad
53,Puneri Paltan,Patna Pirates,47.0,42.0,Puneri Paltan,Lucknow
54,Puneri Paltan,Gujarat Fortune Giants,21.0,35.0,Gujarat Fortune Giants,Lucknow
55,Puneri Paltan,U Mumba,26.0,24.0,Puneri Paltan,Mumbai
56,Puneri Paltan,Telugu Titans,42.0,37.0,Puneri Paltan,Kolkata
57,Puneri Paltan,Bengaluru Bulls,20.0,24.0,Bengaluru Bulls,Sonepat
58,Puneri Paltan,Haryana Steelers,38.0,22.0,Puneri Paltan,Sonepat
59,Puneri Paltan,Haryana Steelers,37.0,25.0,Puneri Paltan,Ranchi
60,Puneri Paltan,Dabang Delhi,34.0,29.0,Puneri Paltan,Delhi
61,Puneri Paltan,Tamil Thalaivas,33.0,20.0,Puneri Paltan,Chennai
62,Puneri Paltan,UP Yoddha,34.0,33.0,Puneri Paltan,Chennai
63,Puneri Paltan,Bengal Warriors,19.0,25.0,Bengal Warriors,Jaipur
64,Puneri Paltan,Jaipur Pink Panthers,38.0,30.0,Puneri Paltan,Jaipur
65,Puneri Paltan,Gujarat Fortune Giants,20.0,44.0,Gujarat Fortune Giants,Pune
66,Puneri Paltan,U Mumba,43.0,24.0,Puneri Paltan,Pune
67,Puneri Paltan,Dabang Delhi,34.0,31.0,Puneri Paltan,Pune
68,Puneri Paltan,Haryana Steelers,27.0,31.0,Haryana Steelers,Pune
69,Puneri Paltan,Jaipur Pink Panthers,38.0,15.0,Puneri Paltan,Pune
70,Puneri Paltan,Gujarat Fortune Giants,22.0,23.0,Gujarat Fortune Giants,Pune
71,Puneri Paltan,U Mumba,32.0,32.0,TIE,Chennai
72,Puneri Paltan,Haryana Steelers,34.0,22.0,Puneri Paltan,Chennai
73,Puneri Paltan,Dabang Delhi,37.0,41.0,Dabang Delhi,Sonepat
74,Puneri Paltan,Haryana Steelers,45.0,27.0,Puneri Paltan,Sonepat
75,Puneri Paltan,Gujarat Fortune Giants,28.0,34.0,Gujarat Fortune Giants,Pune
76,Puneri Paltan,Jaipur Pink Panthers,29.0,25.0,Puneri Paltan,Pune
77,Puneri Paltan,U Mumba,33.0,32.0,Puneri Paltan,Pune
78,Puneri Paltan,Bengaluru Bulls,27.0,25.0,Puneri Paltan,Pune
79,Puneri Paltan,Tamil Thalaivas,31.0,36.0,Tamil Thalaivas,Pune
80,Puneri Paltan,UP Yoddha,23.0,29.0,UP Yoddha,Pune
81,Puneri Paltan,Gujarat Fortune Giants,27.0,37.0,Gujarat Fortune Giants,Patna
82,Puneri Paltan,Dabang Delhi,31.0,27.0,Puneri Paltan,Patna
83,Puneri Paltan,U Mumba,22.0,31.0,U Mumba,Greater Noida
84,Puneri Paltan,Telugu Titans,25.0,28.0,Telugu Titans,Mumbai
85,Puneri Paltan,Bengal Warriors,22.0,26.0,Bengal Warriors,Ahmedabad
86,Puneri Paltan,Jaipur Pink Panthers,30.0,30.0,TIE,Pune
87,Puneri Paltan,Haryana Steelers,35.0,33.0,Puneri Paltan,Pune
88,Puneri Paltan,Gujarat Fortune Giants,20.0,35.0,Gujarat Fortune Giants,Pune
89,Puneri Paltan,Dabang Delhi,24.0,35.0,Dabang Delhi,Delhi
90,Puneri Paltan,Patna Pirates,36.0,53.0,Patna Pirates,Vijag
91,Puneri Paltan,Jaipur Pink Panthers,23.0,36.0,Jaipur Pink Panthers,Panchkula
92,Puneri Paltan,Telugu Titans,35.0,20.0,Puneri Paltan,Kolkata
93,Puneri Paltan,Haryana Steelers,24.0,34.0,Haryana Steelers,Hyderabad
94,Puneri Paltan,U Mumba,23.0,33.0,U Mumba,Mumbai
95,Puneri Paltan,Bengal Warriors,23.0,43.0,Bengal Warriors,Mumbai
96,Puneri Paltan,Patna Pirates,41.0,20.0,Puneri Paltan,Patna
97,Puneri Paltan,Gujarat Fortune Giants,33.0,31.0,Puneri Paltan,Patna
98,Puneri Paltan,Dabang Delhi,30.0,32.0,Dabang Delhi,Ahmedabad
99,Puneri Paltan,Jaipur Pink Panthers,25.0,33.0,Jaipur Pink Panthers,Ahmedabad
100,Puneri Paltan,Tamil Thalaivas,31.0,31.0,TIE,Chennai
101,Puneri Paltan,Bengaluru Bulls,31.0,23.0,Puneri Paltan,Chennai
102,Puneri Paltan,UP Yoddha,30.0,35.0,UP Yoddha,Delhi
103,Puneri Paltan,Telugu Titans,34.0,27.0,Puneri Paltan,Delhi
104,Puneri Paltan,Haryana Steelers,27.0,41.0,Haryana Steelers,Banglore
105,Puneri Paltan,U Mumba,33.0,33.0,TIE,Banglore
106,Puneri Paltan,Bengal Warriors,39.0,42.0,Bengal Warriors,Kolkata
107,Puneri Paltan,Gujarat Fortune Giants,43.0,33.0,Puneri Paltan,Pune
108,Puneri Paltan,Patna Pirates,33.0,55.0,Patna Pirates,Pune
109,Puneri Paltan,Tamil Thalaivas,36.0,36.0,TIE,Pune
110,Puneri Paltan,Bengaluru Bulls,42.0,38.0,Puneri Paltan,Pune
