,Team,Opposition,Team Score,Opposition Score,Winner,Venue 
0,Dabang Delhi,Bengaluru Bulls,28.0,47.0,Bengaluru Bulls,Mumbai
1,Dabang Delhi,Puneri Paltan,35.0,31.0,Dabang Delhi,Mumbai
2,Dabang Delhi,Bengal Warriors,40.0,42.0,Bengal Warriors,Kolkata
3,Dabang Delhi,Telugu Titans,35.0,39.0,Telugu Titans,Delhi
4,Dabang Delhi,Patna Pirates,31.0,36.0,Patna Pirates,Delhi
5,Dabang Delhi,Jaipur Pink Panthers,31.0,40.0,Jaipur Pink Panthers,Delhi
6,Dabang Delhi,Bengal Warriors,46.0,36.0,Dabang Delhi,Delhi
7,Dabang Delhi,Patna Pirates,30.0,30.0,Dabang Delhi,Patna
8,Dabang Delhi,Bengaluru Bulls,29.0,27.0,Dabang Delhi,Pune
9,Dabang Delhi,U Mumba,36.0,27.0,Dabang Delhi,Pune
10,Dabang Delhi,Telugu Titans,26.0,45.0,Telugu Titans,Vizag
11,Dabang Delhi,Jaipur Pink Panthers,31.0,41.0,Jaipur Pink Panthers,Jaipur
12,Dabang Delhi,U Mumba,30.0,37.0,U Mumba,Banglore
13,Dabang Delhi,Puneri Paltan,45.0,22.0,Dabang Delhi,Banglore
14,Dabang Delhi,Telugu Titans,27.0,36.0,Telugu Titans,Mumbai
15,Dabang Delhi,Puneri Paltan,38.0,37.0,Dabang Delhi,Kolkata
16,Dabang Delhi,Bengal Warriors,32.0,21.0,Dabang Delhi,Kolkata
17,Dabang Delhi,Bengaluru Bulls,18.0,33.0,Bengaluru Bulls,Jaipur
18,Dabang Delhi,Jaipur Pink Panthers,35.0,27.0,Dabang Delhi,Jaipur
19,Dabang Delhi,Patna Pirates,22.0,39.0,Patna Pirates,Patna
20,Dabang Delhi,U Mumba,22.0,27.0,U Mumba,Patna
21,Dabang Delhi,U Mumba,24.0,29.0,U Mumba,Hyderabad
22,Dabang Delhi,Bengal Warriors,17.0,20.0,Bengal Warriors,Delhi
23,Dabang Delhi,Patna Pirates,45.0,26.0,Dabang Delhi,Delhi
24,Dabang Delhi,Jaipur Pink Panthers,21.0,51.0,Jaipur Pink Panthers,Delhi
25,Dabang Delhi,Telugu Titans,45.0,45.0,TIE,Delhi
26,Dabang Delhi,Bengaluru Bulls,21.0,40.0,Bengaluru Bulls,Banglore
27,Dabang Delhi,Puneri Paltan,28.0,33.0,Puneri Paltan,Pune
28,Dabang Delhi,Bengaluru Bulls,29.0,35.0,Bengaluru Bulls,Vizag
29,Dabang Delhi,Telugu Titans,34.0,45.0,Telugu Titans,Vizag
30,Dabang Delhi,Puneri Paltan,20.0,38.0,Puneri Paltan,Banglore
31,Dabang Delhi,U Mumba,17.0,30.0,U Mumba,Banglore
32,Dabang Delhi,Jaipur Pink Panthers,34.0,39.0,Jaipur Pink Panthers,Kolkata
33,Dabang Delhi,Bengal Warriors,17.0,34.0,Bengal Warriors,Kolkata
34,Dabang Delhi,Patna Pirates,34.0,47.0,Patna Pirates,Pune
35,Dabang Delhi,Bengaluru Bulls,35.0,21.0,Dabang Delhi,Patna
36,Dabang Delhi,Puneri Paltan,22.0,32.0,Puneri Paltan,Jaipur
37,Dabang Delhi,Telugu Titans,36.0,44.0,Telugu Titans,Delhi
38,Dabang Delhi,Patna Pirates,34.0,67.0,Patna Pirates,Delhi
39,Dabang Delhi,Jaipur Pink Panthers,21.0,21.0,TIE,Delhi
40,Dabang Delhi,Bengal Warriors,31.0,37.0,Bengal Warriors,Delhi
41,Dabang Delhi,U Mumba,20.0,36.0,U Mumba,Mumbai
42,Dabang Delhi,Bengal Warriors,23.0,31.0,Bengal Warriors,Pune
43,Dabang Delhi,Puneri Paltan,27.0,27.0,TIE,Pune
44,Dabang Delhi,U Mumba,25.0,27.0,U Mumba,Jaipur
45,Dabang Delhi,Bengaluru Bulls,32.0,24.0,Dabang Delhi,Jaipur
46,Dabang Delhi,Jaipur Pink Panthers,26.0,51.0,Jaipur Pink Panthers,Hyderabad
47,Dabang Delhi,Jaipur Pink Panthers,30.0,26.0,Dabang Delhi,Hyderabad
48,Dabang Delhi,Gujarat Fortune Giants,20.0,26.0,Gujarat Fortune Giants,Hyderabad
49,Dabang Delhi,Puneri Paltan,21.0,26.0,Puneri Paltan,Nagpur
50,Dabang Delhi,U Mumba,22.0,36.0,U Mumba,Nagpur
51,Dabang Delhi,Gujarat Fortune Giants,25.0,29.0,Gujarat Fortune Giants,Ahmedabad
52,Dabang Delhi,Tamil Thalaivas,30.0,29.0,Dabang Delhi,Ahmedabad
53,Dabang Delhi,Haryana Steelers,25.0,27.0,Haryana Steelers,Lucknow
54,Dabang Delhi,U Mumba,33.0,32.0,Dabang Delhi,Mumbai
55,Dabang Delhi,Bengaluru Bulls,38.0,30.0,Dabang Delhi,Kolkata
56,Dabang Delhi,Bengal Warriors,31.0,31.0,TIE,Kolkata
57,Dabang Delhi,Haryana Steelers,24.0,27.0,Haryana Steelers,Sonepat
58,Dabang Delhi,Jaipur Pink Panthers,25.0,36.0,Jaipur Pink Panthers,Ranchi
59,Dabang Delhi,U Mumba,28.0,30.0,U Mumba,Delhi
60,Dabang Delhi,Puneri Paltan,29.0,34.0,Puneri Paltan,Delhi
61,Dabang Delhi,Haryana Steelers,24.0,42.0,Haryana Steelers,Delhi
62,Dabang Delhi,Patna Pirates,34.0,36.0,Patna Pirates,Delhi
63,Dabang Delhi,UP Yoddha,16.0,45.0,UP Yoddha,Delhi
64,Dabang Delhi,Telugu Titans,22.0,44.0,Telugu Titans,Delhi
65,Dabang Delhi,Gujarat Fortune Giants,22.0,42.0,Gujarat Fortune Giants,Chennai
66,Dabang Delhi,Jaipur Pink Panthers,35.0,34.0,Dabang Delhi,Jaipur
67,Dabang Delhi,Bengaluru Bulls,32.0,35.0,Bengaluru Bulls,Jaipur
68,Dabang Delhi,Puneri Paltan,31.0,34.0,Puneri Paltan,Pune
69,Dabang Delhi,Gujarat Fortune Giants,32.0,32.0,TIE,Chennai
70,Dabang Delhi,Puneri Paltan,41.0,37.0,Dabang Delhi,Sonepat
71,Dabang Delhi,Haryana Steelers,31.0,34.0,Haryana Steelers,Sonepat
72,Dabang Delhi,Bengal Warriors,39.0,30.0,Dabang Delhi,Pune
73,Dabang Delhi,UP Yoddha,36.0,38.0,UP Yoddha,Patna
74,Dabang Delhi,Puneri Paltan,27.0,31.0,Puneri Paltan,Patna
75,Dabang Delhi,Gujarat Fortune Giants,38.0,45.0,Gujarat Fortune Giants,Greater Noida
76,Dabang Delhi,Haryana Steelers,39.0,33.0,Dabang Delhi,Greater Noida
77,Dabang Delhi,Jaipur Pink Panthers,40.0,29.0,Dabang Delhi,Mumbai
78,Dabang Delhi,Patna Pirates,35.0,38.0,Patna Pirates,Mumbai
79,Dabang Delhi,Gujarat Fortune Giants,29.0,26.0,Dabang Delhi,Ahmedabad
80,Dabang Delhi,U Mumba,23.0,39.0,U Mumba,Pune
81,Dabang Delhi,Haryana Steelers,27.0,34.0,Haryana Steelers,Pune
82,Dabang Delhi,Jaipur Pink Panthers,48.0,35.0,Dabang Delhi,Delhi
83,Dabang Delhi,U Mumba,34.0,41.0,U Mumba,Delhi
84,Dabang Delhi,Puneri Paltan,35.0,24.0,Dabang Delhi,Delhi
85,Dabang Delhi,Telugu Titans,34.0,29.0,Dabang Delhi,Delhi
86,Dabang Delhi,Bengaluru Bulls,32.0,31.0,Dabang Delhi,Delhi
87,Dabang Delhi,Tamil Thalaivas,37.0,33.0,Dabang Delhi,Delhi
88,Dabang Delhi,U Mumba,19.0,44.0,U Mumba,Vijag
89,Dabang Delhi,Jaipur Pink Panthers,37.0,37.0,TIE,Panchkula
90,Dabang Delhi,Bengal Warriors,37.0,31.0,Dabang Delhi,Kolkata
91,Dabang Delhi,Telugu Titans,34.0,33.0,Dabang Delhi,Hyderabad
92,Dabang Delhi,Tamil Thalaivas,30.0,29.0,Dabang Delhi,Hyderabad
93,Dabang Delhi,Haryana Steelers,41.0,21.0,Dabang Delhi,Mumbai
94,Dabang Delhi,Gujarat Fortune Giants,26.0,31.0,Gujarat Fortune Giants,Mumbai
95,Dabang Delhi,Jaipur Pink Panthers,35.0,24.0,Dabang Delhi,Patna
96,Dabang Delhi,Puneri Paltan,32.0,30.0,Dabang Delhi,Ahmedabad
97,Dabang Delhi,Bengal Warriors,30.0,30.0,TIE,Chennai
98,Dabang Delhi,Bengaluru Bulls,33.0,31.0,Dabang Delhi,Delhi
99,Dabang Delhi,UP Yoddha,36.0,27.0,Dabang Delhi,Delhi
100,Dabang Delhi,U Mumba,40.0,24.0,Dabang Delhi,Delhi
101,Dabang Delhi,Patna Pirates,38.0,35.0,Dabang Delhi,Delhi
102,Dabang Delhi,Jaipur Pink Panthers,46.0,44.0,Dabang Delhi,Banglore
103,Dabang Delhi,Haryana Steelers,25.0,47.0,Haryana Steelers,Kolkata
104,Dabang Delhi,Tamil Thalaivas,50.0,34.0,Dabang Delhi,Kolkata
105,Dabang Delhi,Gujarat Fortune Giants,34.0,30.0,Dabang Delhi,Pune
106,Dabang Delhi,Telugu Titans,37.0,29.0,Dabang Delhi,Pune
107,Dabang Delhi,Bengaluru Bulls,39.0,39.0,TIE,Jaipur
