,Team,Opposition,Team Score,Opposition Score,Winner,Venue 
0,Haryana Steelers,U Mumba,28.0,29.0,U Mumba,Hyderabad
1,Haryana Steelers,Gujarat Fortune Giants,27.0,27.0,TIE,Hyderabad
2,Haryana Steelers,Gujarat Fortune Giants,32.0,20.0,Haryana Steelers,Nagpur
3,Haryana Steelers,Tamil Thalaivas,25.0,25.0,TIE,Ahmedabad
4,Haryana Steelers,UP Yoddha,36.0,29.0,Haryana Steelers,Lucknow
5,Haryana Steelers,Dabang Delhi,27.0,25.0,Haryana Steelers,Lucknow
6,Haryana Steelers,U Mumba,32.0,38.0,U Mumba,Mumbai
7,Haryana Steelers,Gujarat Fortune Giants,42.0,36.0,Haryana Steelers,Kolkata
8,Haryana Steelers,Bengal Warriors,36.0,29.0,Haryana Steelers,Kolkata
9,Haryana Steelers,Patna Pirates,41.0,41.0,TIE,Sonepat
10,Haryana Steelers,Bengaluru Bulls,38.0,31.0,Haryana Steelers,Sonepat
11,Haryana Steelers,Telugu Titans,19.0,37.0,Telugu Titans,Sonepat
12,Haryana Steelers,Dabang Delhi,27.0,24.0,Haryana Steelers,Sonepat
13,Haryana Steelers,Puneri Paltan,22.0,38.0,Puneri Paltan,Sonepat
14,Haryana Steelers,Jaipur Pink Panthers,27.0,27.0,TIE,Sonepat
15,Haryana Steelers,Puneri Paltan,25.0,37.0,Puneri Paltan,Ranchi
16,Haryana Steelers,Jaipur Pink Panthers,30.0,26.0,Haryana Steelers,Ranchi
17,Haryana Steelers,Dabang Delhi,42.0,24.0,Haryana Steelers,Delhi
18,Haryana Steelers,U Mumba,41.0,30.0,Haryana Steelers,Chennai
19,Haryana Steelers,Telugu Titans,32.0,30.0,Haryana Steelers,Jaipur
20,Haryana Steelers,Jaipur Pink Panthers,37.0,27.0,Haryana Steelers,Jaipur
21,Haryana Steelers,Puneri Paltan,31.0,27.0,Haryana Steelers,Pune
22,Haryana Steelers,Puneri Paltan,22.0,34.0,Puneri Paltan,Chennai
23,Haryana Steelers,Gujarat Fortune Giants,36.0,25.0,Haryana Steelers,Sonepat
24,Haryana Steelers,U Mumba,26.0,53.0,U Mumba,Sonepat
25,Haryana Steelers,Puneri Paltan,27.0,45.0,Puneri Paltan,Sonepat
26,Haryana Steelers,Jaipur Pink Panthers,33.0,36.0,Jaipur Pink Panthers,Sonepat
27,Haryana Steelers,U Mumba,32.0,42.0,U Mumba,Sonepat
28,Haryana Steelers,Dabang Delhi,34.0,31.0,Haryana Steelers,Sonepat
29,Haryana Steelers,Bengaluru Bulls,34.0,42.0,Bengaluru Bulls,Pune
30,Haryana Steelers,Patna Pirates,43.0,32.0,Haryana Steelers,Patna
31,Haryana Steelers,Jaipur Pink Panthers,32.0,38.0,Jaipur Pink Panthers,Greater Noida
32,Haryana Steelers,Dabang Delhi,33.0,39.0,Dabang Delhi,Greater Noida
33,Haryana Steelers,U Mumba,35.0,31.0,Haryana Steelers,Mumbai
34,Haryana Steelers,Tamil Thalaivas,32.0,32.0,TIE,Mumbai
35,Haryana Steelers,Gujarat Fortune Giants,31.0,40.0,Gujarat Fortune Giants,Ahmedabad
36,Haryana Steelers,Dabang Delhi,34.0,27.0,Haryana Steelers,Pune
37,Haryana Steelers,Puneri Paltan,33.0,35.0,Puneri Paltan,Pune
38,Haryana Steelers,Bengal Warriors,35.0,33.0,Haryana Steelers,Delhi
39,Haryana Steelers,UP Yoddha,29.0,30.0,UP Yoddha,Delhi
40,Haryana Steelers,Telugu Titans,31.0,35.0,Telugu Titans,Vijag
41,Haryana Steelers,Gujarat Fortune Giants,37.0,47.0,Gujarat Fortune Giants,Vijag
42,Haryana Steelers,Jaipur Pink Panthers,30.0,39.0,Jaipur Pink Panthers,Panchkula
43,Haryana Steelers,Tamil Thalaivas,40.0,40.0,TIE,Kolkata
44,Haryana Steelers,Puneri Paltan,34.0,24.0,Haryana Steelers,Hyderabad
45,Haryana Steelers,Dabang Delhi,21.0,41.0,Dabang Delhi,Mumbai
46,Haryana Steelers,Jaipur Pink Panthers,21.0,37.0,Jaipur Pink Panthers,Mumbai
47,Haryana Steelers,Tamil Thalaivas,28.0,35.0,Tamil Thalaivas,Patna
48,Haryana Steelers,Patna Pirates,35.0,26.0,Haryana Steelers,Patna
49,Haryana Steelers,Bengaluru Bulls,33.0,30.0,Haryana Steelers,Ahmedabad
50,Haryana Steelers,UP Yoddha,36.0,33.0,Haryana Steelers,Ahmedabad
51,Haryana Steelers,Telugu Titans,29.0,40.0,Telugu Titans,Chennai
52,Haryana Steelers,U Mumba,30.0,27.0,Haryana Steelers,Chennai
53,Haryana Steelers,Bengal Warriors,36.0,33.0,Haryana Steelers,Delhi
54,Haryana Steelers,Gujarat Fortune Giants,41.0,25.0,Haryana Steelers,Delhi
55,Haryana Steelers,Puneri Paltan,41.0,27.0,Haryana Steelers,Banglore
56,Haryana Steelers,Dabang Delhi,47.0,25.0,Haryana Steelers,Kolkata
57,Haryana Steelers,Jaipur Pink Panthers,32.0,32.0,TIE,Kolkata
58,Haryana Steelers,Tamil Thalaivas,43.0,35.0,Haryana Steelers,Pune
59,Haryana Steelers,Bengal Warriors,36.0,48.0,Bengal Warriors,Pune
60,Haryana Steelers,Patna Pirates,39.0,34.0,Haryana Steelers,Jaipur
