,Team 1,Team 2,Venue
0,Tamil Thalaivas,U Mumba,Panchkula
1,U Mumba,Patna Pirates,Panchkula
2,Haryana Steelers,Bengaluru Bulls,Panchkula
3,Telugu Titans,Puneri Paltan,Panchkula
4,Jaipur Pink Panthers,Bengaluru Bulls,Panchkula
5,Haryana Steelers,Telugu Titans,Panchkula
6,UP Yoddha,Dabang Delhi,Greater Noida
7,Gujarat Fortune Giants,Patna Pirates,Greater Noida
8,Bengal Warriors,Patna Pirates,Greater Noida
9,UP Yoddha,Puneri Paltan,Greater Noida
10,Telugu Titans,Gujarat Fortune Giants,Greater Noida
11,Tamil Thalaivas,Jaipur Pink Panthers,Greater Noida
12,Bengal Warriors,Tamil Thalaivas,Greater Noida
13,UP Yoddha,Telugu Titans,Greater Noida
14,U Mumba,Haryana Steelers,Greater Noida
15,Dabang Delhi,U Mumba,Greater Noida
16,UP Yoddha,Bengaluru Bulls,Greater Noida