,Team,Opposition,Team Score,Opposition Score,Winner,Venue 
0,Bengal Warriors,U Mumba,25.0,36.0,U Mumba,Mumbai
1,Bengal Warriors,Bengaluru Bulls,30.0,46.0,Bengaluru Bulls,Kolkata
2,Bengal Warriors,Dabang Delhi,42.0,40.0,Bengal Warriors,Kolkata
3,Bengal Warriors,Puneri Paltan,38.0,35.0,Bengal Warriors,Kolkata
4,Bengal Warriors,U Mumba,29.0,39.0,U Mumba,Kolkata
5,Bengal Warriors,Dabang Delhi,36.0,46.0,Dabang Delhi,Delhi
6,Bengal Warriors,Telugu Titans,40.0,35.0,Bengal Warriors,Patna
7,Bengal Warriors,Jaipur Pink Panthers,23.0,39.0,Jaipur Pink Panthers,Patna
8,Bengal Warriors,Puneri Paltan,30.0,40.0,Puneri Paltan,Pune
9,Bengal Warriors,Jaipur Pink Panthers,33.0,41.0,Jaipur Pink Panthers,Vizag
10,Bengal Warriors,Patna Pirates,30.0,28.0,Bengal Warriors,Vizag
11,Bengal Warriors,Patna Pirates,32.0,36.0,Patna Pirates,Jaipur
12,Bengal Warriors,Telugu Titans,34.0,34.0,Bengal Warriors,Jaipur
13,Bengal Warriors,Bengaluru Bulls,24.0,37.0,Bengaluru Bulls,Banglore
14,Bengal Warriors,Bengaluru Bulls,25.0,33.0,Bengaluru Bulls,Mumbai
15,Bengal Warriors,Jaipur Pink Panthers,28.0,26.0,Bengal Warriors,Kolkata
16,Bengal Warriors,Telugu Titans,30.0,32.0,Telugu Titans,Kolkata
17,Bengal Warriors,U Mumba,25.0,29.0,U Mumba,Kolkata
18,Bengal Warriors,Dabang Delhi,21.0,32.0,Dabang Delhi,Kolkata
19,Bengal Warriors,Puneri Paltan,29.0,33.0,Puneri Paltan,Jaipur
20,Bengal Warriors,Patna Pirates,20.0,20.0,TIE,Patna
21,Bengal Warriors,Telugu Titans,28.0,44.0,Telugu Titans,Hyderabad
22,Bengal Warriors,Bengaluru Bulls,22.0,33.0,Bengaluru Bulls,Hyderabad
23,Bengal Warriors,Dabang Delhi,20.0,17.0,Bengal Warriors,Delhi
24,Bengal Warriors,U Mumba,17.0,31.0,U Mumba,Delhi
25,Bengal Warriors,Puneri Paltan,31.0,28.0,Bengal Warriors,Banglore
26,Bengal Warriors,Patna Pirates,32.0,34.0,Patna Pirates,Banglore
27,Bengal Warriors,Jaipur Pink Panthers,39.0,38.0,Bengal Warriors,Pune
28,Bengal Warriors,Telugu Titans,25.0,17.0,Bengal Warriors,Vizag
29,Bengal Warriors,Bengaluru Bulls,34.0,24.0,Bengal Warriors,Banglore
30,Bengal Warriors,Puneri Paltan,33.0,28.0,Bengal Warriors,Kolkata
31,Bengal Warriors,Dabang Delhi,34.0,17.0,Bengal Warriors,Kolkata
32,Bengal Warriors,Patna Pirates,31.0,36.0,Patna Pirates,Kolkata
33,Bengal Warriors,Jaipur Pink Panthers,34.0,20.0,Bengal Warriors,Kolkata
34,Bengal Warriors,U Mumba,21.0,32.0,U Mumba,Pune
35,Bengal Warriors,Patna Pirates,27.0,32.0,Patna Pirates,Patna
36,Bengal Warriors,Telugu Titans,32.0,28.0,Bengal Warriors,Patna
37,Bengal Warriors,Jaipur Pink Panthers,34.0,18.0,Bengal Warriors,Jaipur
38,Bengal Warriors,U Mumba,17.0,30.0,U Mumba,Jaipur
39,Bengal Warriors,Dabang Delhi,37.0,31.0,Bengal Warriors,Delhi
40,Bengal Warriors,Bengaluru Bulls,26.0,22.0,Bengal Warriors,Mumbai
41,Bengal Warriors,Puneri Paltan,19.0,43.0,Puneri Paltan,Mumbai
42,Bengal Warriors,Bengaluru Bulls,23.0,24.0,Bengaluru Bulls,Pune
43,Bengal Warriors,Dabang Delhi,31.0,23.0,Bengal Warriors,Pune
44,Bengal Warriors,Jaipur Pink Panthers,33.0,36.0,Jaipur Pink Panthers,Jaipur
45,Bengal Warriors,U Mumba,18.0,26.0,U Mumba,Hyderabad
46,Bengal Warriors,Telugu Titans,18.0,35.0,Telugu Titans,Hyderabad
47,Bengal Warriors,Telugu Titans,30.0,24.0,Bengal Warriors,Hyderabad
48,Bengal Warriors,UP Yoddha,40.0,20.0,Bengal Warriors,Nagpur
49,Bengal Warriors,Bengaluru Bulls,25.0,31.0,Bengaluru Bulls,Nagpur
50,Bengal Warriors,Puneri Paltan,17.0,34.0,Puneri Paltan,Ahmedabad
51,Bengal Warriors,Gujarat Fortune Giants,26.0,26.0,TIE,Ahmedabad
52,Bengal Warriors,UP Yoddha,32.0,31.0,Bengal Warriors,Lucknow
53,Bengal Warriors,Patna Pirates,36.0,36.0,TIE,Mumbai
54,Bengal Warriors,Bengaluru Bulls,32.0,26.0,Bengal Warriors,Mumbai
55,Bengal Warriors,Patna Pirates,41.0,38.0,Bengal Warriors,Kolkata
56,Bengal Warriors,UP Yoddha,26.0,26.0,TIE,Kolkata
57,Bengal Warriors,Tamil Thalaivas,29.0,25.0,Bengal Warriors,Kolkata
58,Bengal Warriors,Haryana Steelers,29.0,36.0,Haryana Steelers,Kolkata
59,Bengal Warriors,U Mumba,31.0,37.0,U Mumba,Kolkata
60,Bengal Warriors,Dabang Delhi,31.0,31.0,TIE,Kolkata
61,Bengal Warriors,Telugu Titans,32.0,31.0,Bengal Warriors,Sonepat
62,Bengal Warriors,Patna Pirates,37.0,37.0,TIE,Ranchi
63,Bengal Warriors,Bengaluru Bulls,33.0,29.0,Bengal Warriors,Delhi
64,Bengal Warriors,Tamil Thalaivas,32.0,33.0,Tamil Thalaivas,Delhi
65,Bengal Warriors,Jaipur Pink Panthers,32.0,31.0,Bengal Warriors,Chennai
66,Bengal Warriors,Puneri Paltan,25.0,19.0,Bengal Warriors,Jaipur
67,Bengal Warriors,Tamil Thalaivas,34.0,30.0,Bengal Warriors,Pune
68,Bengal Warriors,Telugu Titans,37.0,37.0,TIE,Pune
69,Bengal Warriors,Tamil Thalaivas,36.0,27.0,Bengal Warriors,Chennai
70,Bengal Warriors,Telugu Titans,30.0,25.0,Bengal Warriors,Sonepat
71,Bengal Warriors,UP Yoddha,40.0,40.0,TIE,Pune
72,Bengal Warriors,Dabang Delhi,30.0,39.0,Dabang Delhi,Pune
73,Bengal Warriors,Jaipur Pink Panthers,39.0,28.0,Bengal Warriors,Patna
74,Bengal Warriors,Patna Pirates,27.0,29.0,Patna Pirates,Patna
75,Bengal Warriors,UP Yoddha,30.0,30.0,TIE,Greater Noida
76,Bengal Warriors,Telugu Titans,30.0,25.0,Bengal Warriors,Mumbai
77,Bengal Warriors,Patna Pirates,30.0,50.0,Patna Pirates,Mumbai
78,Bengal Warriors,Gujarat Fortune Giants,23.0,35.0,Gujarat Fortune Giants,Ahmedabad
79,Bengal Warriors,Puneri Paltan,26.0,22.0,Bengal Warriors,Ahmedabad
80,Bengal Warriors,Bengaluru Bulls,33.0,31.0,Bengal Warriors,Pune
81,Bengal Warriors,Bengaluru Bulls,44.0,37.0,Bengal Warriors,Pune
82,Bengal Warriors,Haryana Steelers,33.0,35.0,Haryana Steelers,Delhi
83,Bengal Warriors,U Mumba,20.0,31.0,U Mumba,Vijag
84,Bengal Warriors,Tamil Thalaivas,28.0,21.0,Bengal Warriors,Panchkula
85,Bengal Warriors,Tamil Thalaivas,27.0,24.0,Bengal Warriors,Kolkata
86,Bengal Warriors,Patna Pirates,39.0,23.0,Bengal Warriors,Kolkata
87,Bengal Warriors,Dabang Delhi,31.0,37.0,Dabang Delhi,Kolkata
88,Bengal Warriors,Telugu Titans,39.0,34.0,Bengal Warriors,Kolkata
89,Bengal Warriors,Bengaluru Bulls,37.0,31.0,Bengal Warriors,Kolkata
90,Bengal Warriors,UP Yoddha,25.0,41.0,UP Yoddha,Kolkata
91,Bengal Warriors,UP Yoddha,48.0,17.0,Bengal Warriors,Hyderabad
92,Bengal Warriors,Jaipur Pink Panthers,25.0,27.0,Jaipur Pink Panthers,Mumbai
93,Bengal Warriors,Puneri Paltan,43.0,23.0,Bengal Warriors,Mumbai
94,Bengal Warriors,Bengaluru Bulls,42.0,43.0,Bengaluru Bulls,Patna
95,Bengal Warriors,U Mumba,32.0,30.0,Bengal Warriors,Patna
96,Bengal Warriors,Telugu Titans,29.0,29.0,TIE,Ahmedabad
97,Bengal Warriors,Gujarat Fortune Giants,28.0,26.0,Bengal Warriors,Ahmedabad
98,Bengal Warriors,Dabang Delhi,30.0,30.0,TIE,Chennai
99,Bengal Warriors,Patna Pirates,35.0,26.0,Bengal Warriors,Chennai
100,Bengal Warriors,Haryana Steelers,33.0,36.0,Haryana Steelers,Delhi
101,Bengal Warriors,Tamil Thalaivas,35.0,26.0,Bengal Warriors,Delhi
102,Bengal Warriors,UP Yoddha,29.0,32.0,UP Yoddha,Banglore
103,Bengal Warriors,Gujarat Fortune Giants,25.0,25.0,TIE,Kolkata
104,Bengal Warriors,Puneri Paltan,42.0,39.0,Bengal Warriors,Kolkata
105,Bengal Warriors,U Mumba,29.0,26.0,Bengal Warriors,Kolkata
106,Bengal Warriors,Bengaluru Bulls,42.0,40.0,Bengal Warriors,Kolkata
107,Bengal Warriors,Haryana Steelers,48.0,36.0,Bengal Warriors,Pune
108,Bengal Warriors,Jaipur Pink Panthers,41.0,40.0,Bengal Warriors,Jaipur
