,Team,Opposition,Team Score,Opposition Score,Winner,Venue 
0,U Mumba,Jaipur Pink Panthers,45.0,31.0,U Mumba,Mumbai
1,U Mumba,Bengal Warriors,36.0,25.0,U Mumba,Mumbai
2,U Mumba,Telugu Titans,35.0,35.0,Telugu Titans,Mumbai
3,U Mumba,Patna Pirates,36.0,33.0,U Mumba,Mumbai
4,U Mumba,Bengal Warriors,39.0,29.0,U Mumba,Kolkata
5,U Mumba,Puneri Paltan,44.0,28.0,U Mumba,Delhi
6,U Mumba,Bengaluru Bulls,45.0,34.0,U Mumba,Delhi
7,U Mumba,Patna Pirates,37.0,37.0,U Mumba,Patna
8,U Mumba,Bengaluru Bulls,30.0,33.0,Bengaluru Bulls,Pune
9,U Mumba,Dabang Delhi,27.0,36.0,Dabang Delhi,Pune
10,U Mumba,Telugu Titans,43.0,44.0,Telugu Titans,Vizag
11,U Mumba,Jaipur Pink Panthers,31.0,31.0,U Mumba,Jaipur
12,U Mumba,Dabang Delhi,37.0,30.0,U Mumba,Banglore
13,U Mumba,Puneri Paltan,36.0,35.0,U Mumba,Banglore
14,U Mumba,Jaipur Pink Panthers,29.0,28.0,U Mumba,Mumbai
15,U Mumba,Bengaluru Bulls,36.0,23.0,U Mumba,Mumbai
16,U Mumba,Patna Pirates,25.0,20.0,U Mumba,Mumbai
17,U Mumba,Puneri Paltan,28.0,21.0,U Mumba,Mumbai
18,U Mumba,Bengal Warriors,29.0,25.0,U Mumba,Kolkata
19,U Mumba,Telugu Titans,27.0,26.0,U Mumba,Jaipur
20,U Mumba,Dabang Delhi,27.0,22.0,U Mumba,Patna
21,U Mumba,Dabang Delhi,29.0,24.0,U Mumba,Hyderabad
22,U Mumba,Jaipur Pink Panthers,25.0,35.0,Jaipur Pink Panthers,Hyderabad
23,U Mumba,Bengal Warriors,31.0,17.0,U Mumba,Delhi
24,U Mumba,Bengaluru Bulls,36.0,29.0,U Mumba,Banglore
25,U Mumba,Patna Pirates,32.0,27.0,U Mumba,Banglore
26,U Mumba,Puneri Paltan,39.0,34.0,U Mumba,Pune
27,U Mumba,Telugu Titans,25.0,46.0,Telugu Titans,Pune
28,U Mumba,Telugu Titans,27.0,25.0,U Mumba,Vizag
29,U Mumba,Jaipur Pink Panthers,18.0,27.0,Jaipur Pink Panthers,Vizag
30,U Mumba,Dabang Delhi,30.0,17.0,U Mumba,Banglore
31,U Mumba,Patna Pirates,26.0,40.0,Patna Pirates,Banglore
32,U Mumba,Bengaluru Bulls,29.0,28.0,U Mumba,Kolkata
33,U Mumba,Puneri Paltan,29.0,27.0,U Mumba,Pune
34,U Mumba,Bengal Warriors,32.0,21.0,U Mumba,Pune
35,U Mumba,Patna Pirates,34.0,28.0,U Mumba,Patna
36,U Mumba,Bengal Warriors,30.0,17.0,U Mumba,Jaipur
37,U Mumba,Bengaluru Bulls,39.0,18.0,U Mumba,Delhi
38,U Mumba,Jaipur Pink Panthers,35.0,21.0,U Mumba,Mumbai
39,U Mumba,Puneri Paltan,30.0,27.0,U Mumba,Mumbai
40,U Mumba,Telugu Titans,38.0,22.0,U Mumba,Mumbai
41,U Mumba,Dabang Delhi,36.0,20.0,U Mumba,Mumbai
42,U Mumba,Jaipur Pink Panthers,36.0,34.0,U Mumba,Pune
43,U Mumba,Puneri Paltan,19.0,41.0,Puneri Paltan,Pune
44,U Mumba,Puneri Paltan,34.0,36.0,Puneri Paltan,Jaipur
45,U Mumba,Dabang Delhi,27.0,25.0,U Mumba,Jaipur
46,U Mumba,Bengal Warriors,26.0,18.0,U Mumba,Hyderabad
47,U Mumba,Telugu Titans,30.0,35.0,Telugu Titans,Hyderabad
48,U Mumba,Bengaluru Bulls,24.0,23.0,U Mumba,Patna
49,U Mumba,Puneri Paltan,21.0,33.0,Puneri Paltan,Hyderabad
50,U Mumba,Haryana Steelers,29.0,28.0,U Mumba,Hyderabad
51,U Mumba,Dabang Delhi,36.0,22.0,U Mumba,Nagpur
52,U Mumba,Gujarat Fortune Giants,21.0,39.0,Gujarat Fortune Giants,Ahmedabad
53,U Mumba,UP Yoddha,37.0,34.0,U Mumba,Lucknow
54,U Mumba,Telugu Titans,32.0,37.0,Telugu Titans,Lucknow
55,U Mumba,Jaipur Pink Panthers,36.0,39.0,Jaipur Pink Panthers,Mumbai
56,U Mumba,Puneri Paltan,24.0,26.0,Puneri Paltan,Mumbai
57,U Mumba,Dabang Delhi,32.0,33.0,Dabang Delhi,Mumbai
58,U Mumba,Gujarat Fortune Giants,0.0,0.0,TIE,Mumbai
59,U Mumba,Haryana Steelers,38.0,32.0,U Mumba,Mumbai
60,U Mumba,Jaipur Pink Panthers,36.0,32.0,U Mumba,Mumbai
61,U Mumba,Bengal Warriors,37.0,31.0,U Mumba,Kolkata
62,U Mumba,Patna Pirates,51.0,41.0,U Mumba,Sonepat
63,U Mumba,Gujarat Fortune Giants,28.0,39.0,Gujarat Fortune Giants,Ranchi
64,U Mumba,Gujarat Fortune Giants,23.0,45.0,Gujarat Fortune Giants,Ranchi
65,U Mumba,Dabang Delhi,30.0,28.0,U Mumba,Delhi
66,U Mumba,Bengaluru Bulls,42.0,30.0,U Mumba,Delhi
67,U Mumba,Tamil Thalaivas,33.0,30.0,U Mumba,Chennai
68,U Mumba,Haryana Steelers,30.0,41.0,Haryana Steelers,Chennai
69,U Mumba,Jaipur Pink Panthers,32.0,36.0,Jaipur Pink Panthers,Jaipur
70,U Mumba,Tamil Thalaivas,35.0,38.0,Tamil Thalaivas,Jaipur
71,U Mumba,Puneri Paltan,24.0,43.0,Puneri Paltan,Pune
72,U Mumba,Puneri Paltan,32.0,32.0,TIE,Chennai
73,U Mumba,Jaipur Pink Panthers,39.0,32.0,U Mumba,Chennai
74,U Mumba,Haryana Steelers,53.0,26.0,U Mumba,Sonepat
75,U Mumba,Haryana Steelers,42.0,32.0,U Mumba,Sonepat
76,U Mumba,Puneri Paltan,32.0,33.0,Puneri Paltan,Pune
77,U Mumba,Telugu Titans,41.0,20.0,U Mumba,Pune
78,U Mumba,Patna Pirates,40.0,39.0,U Mumba,Patna
79,U Mumba,Puneri Paltan,31.0,22.0,U Mumba,Greater Noida
80,U Mumba,Jaipur Pink Panthers,48.0,24.0,U Mumba,Mumbai
81,U Mumba,Gujarat Fortune Giants,36.0,38.0,Gujarat Fortune Giants,Mumbai
82,U Mumba,Haryana Steelers,31.0,35.0,Haryana Steelers,Mumbai
83,U Mumba,UP Yoddha,41.0,24.0,U Mumba,Mumbai
84,U Mumba,Bengaluru Bulls,32.0,29.0,U Mumba,Mumbai
85,U Mumba,Tamil Thalaivas,36.0,22.0,U Mumba,Mumbai
86,U Mumba,Gujarat Fortune Giants,35.0,39.0,Gujarat Fortune Giants,Ahmedabad
87,U Mumba,Dabang Delhi,39.0,23.0,U Mumba,Pune
88,U Mumba,Dabang Delhi,41.0,34.0,U Mumba,Delhi
89,U Mumba,Gujarat Fortune Giants,36.0,26.0,U Mumba,Delhi
90,U Mumba,Bengal Warriors,31.0,20.0,U Mumba,Vijag
91,U Mumba,Dabang Delhi,44.0,19.0,U Mumba,Vijag
92,U Mumba,Jaipur Pink Panthers,35.0,35.0,TIE,Panchkula
93,U Mumba,UP Yoddha,32.0,34.0,UP Yoddha,Kolkata
94,U Mumba,Telugu Titans,31.0,25.0,U Mumba,Hyderabad
95,U Mumba,Jaipur Pink Panthers,23.0,42.0,Jaipur Pink Panthers,Hyderabad
96,U Mumba,Puneri Paltan,33.0,23.0,U Mumba,Mumbai
97,U Mumba,Bengaluru Bulls,26.0,30.0,Bengaluru Bulls,Mumbai
98,U Mumba,UP Yoddha,23.0,27.0,UP Yoddha,Mumbai
99,U Mumba,Gujarat Fortune Giants,32.0,20.0,U Mumba,Mumbai
100,U Mumba,Bengal Warriors,30.0,32.0,Bengal Warriors,Patna
101,U Mumba,Patna Pirates,34.0,30.0,U Mumba,Ahmedabad
102,U Mumba,Haryana Steelers,27.0,30.0,Haryana Steelers,Chennai
103,U Mumba,Tamil Thalaivas,29.0,24.0,U Mumba,Chennai
104,U Mumba,Dabang Delhi,24.0,40.0,Dabang Delhi,Delhi
105,U Mumba,Jaipur Pink Panthers,47.0,21.0,U Mumba,Banglore
106,U Mumba,Puneri Paltan,33.0,33.0,TIE,Banglore
107,U Mumba,Bengal Warriors,26.0,29.0,Bengal Warriors,Kolkata
108,U Mumba,Telugu Titans,41.0,27.0,U Mumba,Kolkata
109,U Mumba,UP Yoddha,39.0,36.0,U Mumba,Pune
110,U Mumba,Gujarat Fortune Giants,31.0,25.0,U Mumba,Jaipur
111,Dabang Delhi,Bengaluru Bulls,28.0,47.0,Bengaluru Bulls,Mumbai
112,Dabang Delhi,Puneri Paltan,35.0,31.0,Dabang Delhi,Mumbai
113,Dabang Delhi,Bengal Warriors,40.0,42.0,Bengal Warriors,Kolkata
114,Dabang Delhi,Telugu Titans,35.0,39.0,Telugu Titans,Delhi
115,Dabang Delhi,Patna Pirates,31.0,36.0,Patna Pirates,Delhi
116,Dabang Delhi,Jaipur Pink Panthers,31.0,40.0,Jaipur Pink Panthers,Delhi
117,Dabang Delhi,Bengal Warriors,46.0,36.0,Dabang Delhi,Delhi
118,Dabang Delhi,Patna Pirates,30.0,30.0,Dabang Delhi,Patna
119,Dabang Delhi,Bengaluru Bulls,29.0,27.0,Dabang Delhi,Pune
120,Dabang Delhi,U Mumba,36.0,27.0,Dabang Delhi,Pune
121,Dabang Delhi,Telugu Titans,26.0,45.0,Telugu Titans,Vizag
122,Dabang Delhi,Jaipur Pink Panthers,31.0,41.0,Jaipur Pink Panthers,Jaipur
123,Dabang Delhi,U Mumba,30.0,37.0,U Mumba,Banglore
124,Dabang Delhi,Puneri Paltan,45.0,22.0,Dabang Delhi,Banglore
125,Dabang Delhi,Telugu Titans,27.0,36.0,Telugu Titans,Mumbai
126,Dabang Delhi,Puneri Paltan,38.0,37.0,Dabang Delhi,Kolkata
127,Dabang Delhi,Bengal Warriors,32.0,21.0,Dabang Delhi,Kolkata
128,Dabang Delhi,Bengaluru Bulls,18.0,33.0,Bengaluru Bulls,Jaipur
129,Dabang Delhi,Jaipur Pink Panthers,35.0,27.0,Dabang Delhi,Jaipur
130,Dabang Delhi,Patna Pirates,22.0,39.0,Patna Pirates,Patna
131,Dabang Delhi,U Mumba,22.0,27.0,U Mumba,Patna
132,Dabang Delhi,U Mumba,24.0,29.0,U Mumba,Hyderabad
133,Dabang Delhi,Bengal Warriors,17.0,20.0,Bengal Warriors,Delhi
134,Dabang Delhi,Patna Pirates,45.0,26.0,Dabang Delhi,Delhi
135,Dabang Delhi,Jaipur Pink Panthers,21.0,51.0,Jaipur Pink Panthers,Delhi
136,Dabang Delhi,Telugu Titans,45.0,45.0,TIE,Delhi
137,Dabang Delhi,Bengaluru Bulls,21.0,40.0,Bengaluru Bulls,Banglore
138,Dabang Delhi,Puneri Paltan,28.0,33.0,Puneri Paltan,Pune
139,Dabang Delhi,Bengaluru Bulls,29.0,35.0,Bengaluru Bulls,Vizag
140,Dabang Delhi,Telugu Titans,34.0,45.0,Telugu Titans,Vizag
141,Dabang Delhi,Puneri Paltan,20.0,38.0,Puneri Paltan,Banglore
142,Dabang Delhi,U Mumba,17.0,30.0,U Mumba,Banglore
143,Dabang Delhi,Jaipur Pink Panthers,34.0,39.0,Jaipur Pink Panthers,Kolkata
144,Dabang Delhi,Bengal Warriors,17.0,34.0,Bengal Warriors,Kolkata
145,Dabang Delhi,Patna Pirates,34.0,47.0,Patna Pirates,Pune
146,Dabang Delhi,Bengaluru Bulls,35.0,21.0,Dabang Delhi,Patna
147,Dabang Delhi,Puneri Paltan,22.0,32.0,Puneri Paltan,Jaipur
148,Dabang Delhi,Telugu Titans,36.0,44.0,Telugu Titans,Delhi
149,Dabang Delhi,Patna Pirates,34.0,67.0,Patna Pirates,Delhi
150,Dabang Delhi,Jaipur Pink Panthers,21.0,21.0,TIE,Delhi
151,Dabang Delhi,Bengal Warriors,31.0,37.0,Bengal Warriors,Delhi
152,Dabang Delhi,U Mumba,20.0,36.0,U Mumba,Mumbai
153,Dabang Delhi,Bengal Warriors,23.0,31.0,Bengal Warriors,Pune
154,Dabang Delhi,Puneri Paltan,27.0,27.0,TIE,Pune
155,Dabang Delhi,U Mumba,25.0,27.0,U Mumba,Jaipur
156,Dabang Delhi,Bengaluru Bulls,32.0,24.0,Dabang Delhi,Jaipur
157,Dabang Delhi,Jaipur Pink Panthers,26.0,51.0,Jaipur Pink Panthers,Hyderabad
158,Dabang Delhi,Jaipur Pink Panthers,30.0,26.0,Dabang Delhi,Hyderabad
159,Dabang Delhi,Gujarat Fortune Giants,20.0,26.0,Gujarat Fortune Giants,Hyderabad
160,Dabang Delhi,Puneri Paltan,21.0,26.0,Puneri Paltan,Nagpur
161,Dabang Delhi,U Mumba,22.0,36.0,U Mumba,Nagpur
162,Dabang Delhi,Gujarat Fortune Giants,25.0,29.0,Gujarat Fortune Giants,Ahmedabad
163,Dabang Delhi,Tamil Thalaivas,30.0,29.0,Dabang Delhi,Ahmedabad
164,Dabang Delhi,Haryana Steelers,25.0,27.0,Haryana Steelers,Lucknow
165,Dabang Delhi,U Mumba,33.0,32.0,Dabang Delhi,Mumbai
166,Dabang Delhi,Bengaluru Bulls,38.0,30.0,Dabang Delhi,Kolkata
167,Dabang Delhi,Bengal Warriors,31.0,31.0,TIE,Kolkata
168,Dabang Delhi,Haryana Steelers,24.0,27.0,Haryana Steelers,Sonepat
169,Dabang Delhi,Jaipur Pink Panthers,25.0,36.0,Jaipur Pink Panthers,Ranchi
170,Dabang Delhi,U Mumba,28.0,30.0,U Mumba,Delhi
171,Dabang Delhi,Puneri Paltan,29.0,34.0,Puneri Paltan,Delhi
172,Dabang Delhi,Haryana Steelers,24.0,42.0,Haryana Steelers,Delhi
173,Dabang Delhi,Patna Pirates,34.0,36.0,Patna Pirates,Delhi
174,Dabang Delhi,UP Yoddha,16.0,45.0,UP Yoddha,Delhi
175,Dabang Delhi,Telugu Titans,22.0,44.0,Telugu Titans,Delhi
176,Dabang Delhi,Gujarat Fortune Giants,22.0,42.0,Gujarat Fortune Giants,Chennai
177,Dabang Delhi,Jaipur Pink Panthers,35.0,34.0,Dabang Delhi,Jaipur
178,Dabang Delhi,Bengaluru Bulls,32.0,35.0,Bengaluru Bulls,Jaipur
179,Dabang Delhi,Puneri Paltan,31.0,34.0,Puneri Paltan,Pune
180,Dabang Delhi,Gujarat Fortune Giants,32.0,32.0,TIE,Chennai
181,Dabang Delhi,Puneri Paltan,41.0,37.0,Dabang Delhi,Sonepat
182,Dabang Delhi,Haryana Steelers,31.0,34.0,Haryana Steelers,Sonepat
183,Dabang Delhi,Bengal Warriors,39.0,30.0,Dabang Delhi,Pune
184,Dabang Delhi,UP Yoddha,36.0,38.0,UP Yoddha,Patna
185,Dabang Delhi,Puneri Paltan,27.0,31.0,Puneri Paltan,Patna
186,Dabang Delhi,Gujarat Fortune Giants,38.0,45.0,Gujarat Fortune Giants,Greater Noida
187,Dabang Delhi,Haryana Steelers,39.0,33.0,Dabang Delhi,Greater Noida
188,Dabang Delhi,Jaipur Pink Panthers,40.0,29.0,Dabang Delhi,Mumbai
189,Dabang Delhi,Patna Pirates,35.0,38.0,Patna Pirates,Mumbai
190,Dabang Delhi,Gujarat Fortune Giants,29.0,26.0,Dabang Delhi,Ahmedabad
191,Dabang Delhi,U Mumba,23.0,39.0,U Mumba,Pune
192,Dabang Delhi,Haryana Steelers,27.0,34.0,Haryana Steelers,Pune
193,Dabang Delhi,Jaipur Pink Panthers,48.0,35.0,Dabang Delhi,Delhi
194,Dabang Delhi,U Mumba,34.0,41.0,U Mumba,Delhi
195,Dabang Delhi,Puneri Paltan,35.0,24.0,Dabang Delhi,Delhi
196,Dabang Delhi,Telugu Titans,34.0,29.0,Dabang Delhi,Delhi
197,Dabang Delhi,Bengaluru Bulls,32.0,31.0,Dabang Delhi,Delhi
198,Dabang Delhi,Tamil Thalaivas,37.0,33.0,Dabang Delhi,Delhi
199,Dabang Delhi,U Mumba,19.0,44.0,U Mumba,Vijag
200,Dabang Delhi,Jaipur Pink Panthers,37.0,37.0,TIE,Panchkula
201,Dabang Delhi,Bengal Warriors,37.0,31.0,Dabang Delhi,Kolkata
202,Dabang Delhi,Telugu Titans,34.0,33.0,Dabang Delhi,Hyderabad
203,Dabang Delhi,Tamil Thalaivas,30.0,29.0,Dabang Delhi,Hyderabad
204,Dabang Delhi,Haryana Steelers,41.0,21.0,Dabang Delhi,Mumbai
205,Dabang Delhi,Gujarat Fortune Giants,26.0,31.0,Gujarat Fortune Giants,Mumbai
206,Dabang Delhi,Jaipur Pink Panthers,35.0,24.0,Dabang Delhi,Patna
207,Dabang Delhi,Puneri Paltan,32.0,30.0,Dabang Delhi,Ahmedabad
208,Dabang Delhi,Bengal Warriors,30.0,30.0,TIE,Chennai
209,Dabang Delhi,Bengaluru Bulls,33.0,31.0,Dabang Delhi,Delhi
210,Dabang Delhi,UP Yoddha,36.0,27.0,Dabang Delhi,Delhi
211,Dabang Delhi,U Mumba,40.0,24.0,Dabang Delhi,Delhi
212,Dabang Delhi,Patna Pirates,38.0,35.0,Dabang Delhi,Delhi
213,Dabang Delhi,Jaipur Pink Panthers,46.0,44.0,Dabang Delhi,Banglore
214,Dabang Delhi,Haryana Steelers,25.0,47.0,Haryana Steelers,Kolkata
215,Dabang Delhi,Tamil Thalaivas,50.0,34.0,Dabang Delhi,Kolkata
216,Dabang Delhi,Gujarat Fortune Giants,34.0,30.0,Dabang Delhi,Pune
217,Dabang Delhi,Telugu Titans,37.0,29.0,Dabang Delhi,Pune
218,Dabang Delhi,Bengaluru Bulls,39.0,39.0,TIE,Jaipur
219,Bengaluru Bulls,Dabang Delhi,47.0,28.0,Bengaluru Bulls,Mumbai
220,Bengaluru Bulls,Puneri Paltan,40.0,37.0,Bengaluru Bulls,Mumbai
221,Bengaluru Bulls,Bengal Warriors,46.0,30.0,Bengaluru Bulls,Kolkata
222,Bengaluru Bulls,Puneri Paltan,31.0,33.0,Puneri Paltan,Delhi
223,Bengaluru Bulls,U Mumba,34.0,45.0,U Mumba,Delhi
224,Bengaluru Bulls,Patna Pirates,37.0,35.0,Bengaluru Bulls,Patna
225,Bengaluru Bulls,U Mumba,33.0,30.0,Bengaluru Bulls,Pune
226,Bengaluru Bulls,Dabang Delhi,27.0,29.0,Dabang Delhi,Pune
227,Bengaluru Bulls,Telugu Titans,28.0,28.0,Bengaluru Bulls,Vizag
228,Bengaluru Bulls,Jaipur Pink Panthers,31.0,36.0,Jaipur Pink Panthers,Jaipur
229,Bengaluru Bulls,Bengal Warriors,37.0,24.0,Bengaluru Bulls,Banglore
230,Bengaluru Bulls,Patna Pirates,31.0,33.0,Patna Pirates,Banglore
231,Bengaluru Bulls,Telugu Titans,27.0,26.0,Bengaluru Bulls,Banglore
232,Bengaluru Bulls,Jaipur Pink Panthers,30.0,29.0,Bengaluru Bulls,Banglore
233,Bengaluru Bulls,Bengal Warriors,33.0,25.0,Bengaluru Bulls,Mumbai
234,Bengaluru Bulls,U Mumba,23.0,36.0,U Mumba,Mumbai
235,Bengaluru Bulls,Patna Pirates,31.0,26.0,Bengaluru Bulls,Kolkata
236,Bengaluru Bulls,Puneri Paltan,31.0,26.0,Bengaluru Bulls,Kolkata
237,Bengaluru Bulls,Dabang Delhi,33.0,18.0,Bengaluru Bulls,Jaipur
238,Bengaluru Bulls,Jaipur Pink Panthers,23.0,36.0,Jaipur Pink Panthers,Jaipur
239,Bengaluru Bulls,Telugu Titans,35.0,21.0,Bengaluru Bulls,Patna
240,Bengaluru Bulls,Bengal Warriors,33.0,22.0,Bengaluru Bulls,Hyderabad
241,Bengaluru Bulls,Patna Pirates,28.0,30.0,Patna Pirates,Delhi
242,Bengaluru Bulls,U Mumba,29.0,36.0,U Mumba,Banglore
243,Bengaluru Bulls,Jaipur Pink Panthers,25.0,27.0,Jaipur Pink Panthers,Banglore
244,Bengaluru Bulls,Dabang Delhi,40.0,21.0,Bengaluru Bulls,Banglore
245,Bengaluru Bulls,Telugu Titans,43.0,29.0,Bengaluru Bulls,Banglore
246,Bengaluru Bulls,Puneri Paltan,31.0,30.0,Bengaluru Bulls,Pune
247,Bengaluru Bulls,Dabang Delhi,35.0,29.0,Bengaluru Bulls,Vizag
248,Bengaluru Bulls,Patna Pirates,24.0,33.0,Patna Pirates,Banglore
249,Bengaluru Bulls,Bengal Warriors,24.0,34.0,Bengal Warriors,Banglore
250,Bengaluru Bulls,Jaipur Pink Panthers,36.0,26.0,Bengaluru Bulls,Banglore
251,Bengaluru Bulls,Telugu Titans,26.0,35.0,Telugu Titans,Banglore
252,Bengaluru Bulls,U Mumba,28.0,29.0,U Mumba,Kolkata
253,Bengaluru Bulls,Puneri Paltan,27.0,29.0,Puneri Paltan,Pune
254,Bengaluru Bulls,Patna Pirates,22.0,36.0,Patna Pirates,Patna
255,Bengaluru Bulls,Dabang Delhi,21.0,35.0,Dabang Delhi,Patna
256,Bengaluru Bulls,Jaipur Pink Panthers,21.0,30.0,Jaipur Pink Panthers,Jaipur
257,Bengaluru Bulls,Telugu Titans,22.0,40.0,Telugu Titans,Jaipur
258,Bengaluru Bulls,U Mumba,18.0,39.0,U Mumba,Delhi
259,Bengaluru Bulls,Puneri Paltan,27.0,44.0,Puneri Paltan,Delhi
260,Bengaluru Bulls,Bengal Warriors,22.0,26.0,Bengal Warriors,Mumbai
261,Bengaluru Bulls,Bengal Warriors,24.0,23.0,Bengaluru Bulls,Pune
262,Bengaluru Bulls,Jaipur Pink Panthers,28.0,28.0,TIE,Jaipur
263,Bengaluru Bulls,Dabang Delhi,24.0,32.0,Dabang Delhi,Jaipur
264,Bengaluru Bulls,Puneri Paltan,29.0,27.0,Bengaluru Bulls,Hyderabad
265,Bengaluru Bulls,Telugu Titans,30.0,28.0,Bengaluru Bulls,Hyderabad
266,Bengaluru Bulls,Patna Pirates,25.0,31.0,Patna Pirates,Patna
267,Bengaluru Bulls,U Mumba,23.0,24.0,U Mumba,Patna
268,Bengaluru Bulls,Telugu Titans,31.0,21.0,Bengaluru Bulls,Hyderabad
269,Bengaluru Bulls,Tamil Thalaivas,32.0,31.0,Bengaluru Bulls,Nagpur
270,Bengaluru Bulls,UP Yoddha,27.0,32.0,UP Yoddha,Nagpur
271,Bengaluru Bulls,Patna Pirates,32.0,46.0,Patna Pirates,Nagpur
272,Bengaluru Bulls,Telugu Titans,21.0,21.0,TIE,Nagpur
273,Bengaluru Bulls,Bengal Warriors,31.0,25.0,Bengaluru Bulls,Nagpur
274,Bengaluru Bulls,Tamil Thalaivas,24.0,29.0,Tamil Thalaivas,Nagpur
275,Bengaluru Bulls,Gujarat Fortune Giants,24.0,27.0,Gujarat Fortune Giants,Ahmedabad
276,Bengaluru Bulls,Jaipur Pink Panthers,28.0,30.0,Jaipur Pink Panthers,Lucknow
277,Bengaluru Bulls,Bengal Warriors,26.0,32.0,Bengal Warriors,Mumbai
278,Bengaluru Bulls,UP Yoddha,0.0,0.0,TIE,Mumbai
279,Bengaluru Bulls,Dabang Delhi,30.0,38.0,Dabang Delhi,Kolkata
280,Bengaluru Bulls,Haryana Steelers,31.0,38.0,Haryana Steelers,Sonepat
281,Bengaluru Bulls,Puneri Paltan,24.0,20.0,Bengaluru Bulls,Sonepat
282,Bengaluru Bulls,Telugu Titans,26.0,26.0,TIE,Ranchi
283,Bengaluru Bulls,Patna Pirates,32.0,36.0,Patna Pirates,Ranchi
284,Bengaluru Bulls,Bengal Warriors,29.0,33.0,Bengal Warriors,Delhi
285,Bengaluru Bulls,U Mumba,30.0,42.0,U Mumba,Delhi
286,Bengaluru Bulls,Tamil Thalaivas,45.0,35.0,Bengaluru Bulls,Chennai
287,Bengaluru Bulls,Dabang Delhi,35.0,32.0,Bengaluru Bulls,Jaipur
288,Bengaluru Bulls,UP Yoddha,38.0,32.0,Bengaluru Bulls,Pune
289,Bengaluru Bulls,UP Yoddha,64.0,24.0,Bengaluru Bulls,Pune
290,Bengaluru Bulls,Patna Pirates,29.0,29.0,TIE,Pune
291,Bengaluru Bulls,Tamil Thalaivas,48.0,37.0,Bengaluru Bulls,Chennai
292,Bengaluru Bulls,Tamil Thalaivas,44.0,35.0,Bengaluru Bulls,Sonepat
293,Bengaluru Bulls,Puneri Paltan,25.0,27.0,Puneri Paltan,Pune
294,Bengaluru Bulls,Haryana Steelers,42.0,34.0,Bengaluru Bulls,Pune
295,Bengaluru Bulls,Patna Pirates,43.0,41.0,Bengaluru Bulls,Patna
296,Bengaluru Bulls,UP Yoddha,35.0,29.0,Bengaluru Bulls,Greater Noida
297,Bengaluru Bulls,UP Yoddha,37.0,27.0,Bengaluru Bulls,Greater Noida
298,Bengaluru Bulls,U Mumba,29.0,32.0,U Mumba,Mumbai
299,Bengaluru Bulls,Gujarat Fortune Giants,30.0,30.0,TIE,Ahmedabad
300,Bengaluru Bulls,Jaipur Pink Panthers,45.0,32.0,Bengaluru Bulls,Ahmedabad
301,Bengaluru Bulls,Bengal Warriors,31.0,33.0,Bengal Warriors,Pune
302,Bengaluru Bulls,Tamil Thalaivas,36.0,22.0,Bengaluru Bulls,Pune
303,Bengaluru Bulls,Patna Pirates,32.0,35.0,Patna Pirates,Pune
304,Bengaluru Bulls,UP Yoddha,37.0,27.0,Bengaluru Bulls,Pune
305,Bengaluru Bulls,Telugu Titans,34.0,26.0,Bengaluru Bulls,Pune
306,Bengaluru Bulls,Bengal Warriors,37.0,44.0,Bengal Warriors,Pune
307,Bengaluru Bulls,Dabang Delhi,31.0,32.0,Dabang Delhi,Delhi
308,Bengaluru Bulls,Telugu Titans,37.0,24.0,Bengaluru Bulls,Vijag
309,Bengaluru Bulls,Telugu Titans,44.0,28.0,Bengaluru Bulls,Panchkula
310,Bengaluru Bulls,Patna Pirates,40.0,40.0,TIE,Panchkula
311,Bengaluru Bulls,Bengal Warriors,31.0,37.0,Bengal Warriors,Kolkata
312,Bengaluru Bulls,Jaipur Pink Panthers,40.0,32.0,Bengaluru Bulls,Kolkata
313,Bengaluru Bulls,Patna Pirates,34.0,32.0,Bengaluru Bulls,Hyderabad
314,Bengaluru Bulls,Gujarat Fortune Giants,24.0,42.0,Gujarat Fortune Giants,Hyderabad
315,Bengaluru Bulls,U Mumba,30.0,26.0,Bengaluru Bulls,Mumbai
316,Bengaluru Bulls,Bengal Warriors,43.0,42.0,Bengaluru Bulls,Patna
317,Bengaluru Bulls,Telugu Titans,47.0,26.0,Bengaluru Bulls,Patna
318,Bengaluru Bulls,Haryana Steelers,30.0,33.0,Haryana Steelers,Ahmedabad
319,Bengaluru Bulls,UP Yoddha,33.0,35.0,UP Yoddha,Ahmedabad
320,Bengaluru Bulls,Tamil Thalaivas,32.0,21.0,Bengaluru Bulls,Chennai
321,Bengaluru Bulls,Puneri Paltan,23.0,31.0,Puneri Paltan,Chennai
322,Bengaluru Bulls,Dabang Delhi,31.0,33.0,Dabang Delhi,Delhi
323,Bengaluru Bulls,Jaipur Pink Panthers,41.0,30.0,Bengaluru Bulls,Delhi
324,Bengaluru Bulls,Gujarat Fortune Giants,23.0,32.0,Gujarat Fortune Giants,Banglore
325,Bengaluru Bulls,Tamil Thalaivas,33.0,27.0,Bengaluru Bulls,Banglore
326,Bengaluru Bulls,Patna Pirates,40.0,39.0,Bengaluru Bulls,Banglore
327,Bengaluru Bulls,Telugu Titans,40.0,39.0,Bengaluru Bulls,Banglore
328,Bengaluru Bulls,Bengal Warriors,40.0,42.0,Bengal Warriors,Kolkata
329,Bengaluru Bulls,Puneri Paltan,38.0,42.0,Puneri Paltan,Pune
330,Bengaluru Bulls,Dabang Delhi,39.0,39.0,TIE,Jaipur
331,Puneri Paltan,Bengaluru Bulls,37.0,40.0,Bengaluru Bulls,Mumbai
332,Puneri Paltan,Dabang Delhi,31.0,35.0,Dabang Delhi,Mumbai
333,Puneri Paltan,Bengal Warriors,35.0,38.0,Bengal Warriors,Kolkata
334,Puneri Paltan,Bengaluru Bulls,33.0,31.0,Puneri Paltan,Delhi
335,Puneri Paltan,U Mumba,28.0,44.0,U Mumba,Delhi
336,Puneri Paltan,Patna Pirates,27.0,35.0,Patna Pirates,Patna
337,Puneri Paltan,Telugu Titans,36.0,42.0,Telugu Titans,Pune
338,Puneri Paltan,Bengal Warriors,40.0,30.0,Puneri Paltan,Pune
339,Puneri Paltan,Jaipur Pink Panthers,23.0,50.0,Jaipur Pink Panthers,Pune
340,Puneri Paltan,Patna Pirates,31.0,37.0,Patna Pirates,Pune
341,Puneri Paltan,Telugu Titans,24.0,60.0,Telugu Titans,Vizag
342,Puneri Paltan,Jaipur Pink Panthers,27.0,33.0,Jaipur Pink Panthers,Jaipur
343,Puneri Paltan,Dabang Delhi,22.0,45.0,Dabang Delhi,Banglore
344,Puneri Paltan,U Mumba,35.0,36.0,U Mumba,Banglore
345,Puneri Paltan,Telugu Titans,24.0,45.0,Telugu Titans,Mumbai
346,Puneri Paltan,U Mumba,21.0,28.0,U Mumba,Mumbai
347,Puneri Paltan,Dabang Delhi,37.0,38.0,Dabang Delhi,Kolkata
348,Puneri Paltan,Bengaluru Bulls,26.0,31.0,Bengaluru Bulls,Kolkata
349,Puneri Paltan,Bengal Warriors,33.0,29.0,Puneri Paltan,Jaipur
350,Puneri Paltan,Patna Pirates,28.0,32.0,Patna Pirates,Patna
351,Puneri Paltan,Jaipur Pink Panthers,29.0,35.0,Jaipur Pink Panthers,Patna
352,Puneri Paltan,Telugu Titans,29.0,29.0,TIE,Hyderabad
353,Puneri Paltan,Jaipur Pink Panthers,18.0,31.0,Jaipur Pink Panthers,Delhi
354,Puneri Paltan,Bengal Warriors,28.0,31.0,Bengal Warriors,Banglore
355,Puneri Paltan,Dabang Delhi,33.0,28.0,Puneri Paltan,Pune
356,Puneri Paltan,U Mumba,34.0,39.0,U Mumba,Pune
357,Puneri Paltan,Patna Pirates,21.0,38.0,Patna Pirates,Pune
358,Puneri Paltan,Bengaluru Bulls,30.0,31.0,Bengaluru Bulls,Pune
359,Puneri Paltan,Telugu Titans,26.0,27.0,Telugu Titans,Vizag
360,Puneri Paltan,Dabang Delhi,38.0,20.0,Puneri Paltan,Banglore
361,Puneri Paltan,Bengal Warriors,28.0,33.0,Bengal Warriors,Kolkata
362,Puneri Paltan,Patna Pirates,30.0,30.0,TIE,Pune
363,Puneri Paltan,Jaipur Pink Panthers,32.0,32.0,TIE,Pune
364,Puneri Paltan,U Mumba,27.0,29.0,U Mumba,Pune
365,Puneri Paltan,Bengaluru Bulls,29.0,27.0,Puneri Paltan,Pune
366,Puneri Paltan,Patna Pirates,28.0,28.0,TIE,Patna
367,Puneri Paltan,Dabang Delhi,32.0,22.0,Puneri Paltan,Jaipur
368,Puneri Paltan,Jaipur Pink Panthers,33.0,18.0,Puneri Paltan,Jaipur
369,Puneri Paltan,Telugu Titans,41.0,24.0,Puneri Paltan,Delhi
370,Puneri Paltan,Bengaluru Bulls,44.0,27.0,Puneri Paltan,Delhi
371,Puneri Paltan,U Mumba,27.0,30.0,U Mumba,Mumbai
372,Puneri Paltan,Bengal Warriors,43.0,19.0,Puneri Paltan,Mumbai
373,Puneri Paltan,Telugu Titans,28.0,24.0,Puneri Paltan,Pune
374,Puneri Paltan,U Mumba,41.0,19.0,Puneri Paltan,Pune
375,Puneri Paltan,Patna Pirates,24.0,30.0,Patna Pirates,Pune
376,Puneri Paltan,Dabang Delhi,27.0,27.0,TIE,Pune
377,Puneri Paltan,U Mumba,36.0,34.0,Puneri Paltan,Jaipur
378,Puneri Paltan,Jaipur Pink Panthers,33.0,28.0,Puneri Paltan,Jaipur
379,Puneri Paltan,Bengaluru Bulls,27.0,29.0,Bengaluru Bulls,Hyderabad
380,Puneri Paltan,U Mumba,33.0,21.0,Puneri Paltan,Hyderabad
381,Puneri Paltan,Dabang Delhi,26.0,21.0,Puneri Paltan,Nagpur
382,Puneri Paltan,Jaipur Pink Panthers,28.0,30.0,Jaipur Pink Panthers,Nagpur
383,Puneri Paltan,Bengal Warriors,34.0,17.0,Puneri Paltan,Ahmedabad
384,Puneri Paltan,Patna Pirates,47.0,42.0,Puneri Paltan,Lucknow
385,Puneri Paltan,Gujarat Fortune Giants,21.0,35.0,Gujarat Fortune Giants,Lucknow
386,Puneri Paltan,U Mumba,26.0,24.0,Puneri Paltan,Mumbai
387,Puneri Paltan,Telugu Titans,42.0,37.0,Puneri Paltan,Kolkata
388,Puneri Paltan,Bengaluru Bulls,20.0,24.0,Bengaluru Bulls,Sonepat
389,Puneri Paltan,Haryana Steelers,38.0,22.0,Puneri Paltan,Sonepat
390,Puneri Paltan,Haryana Steelers,37.0,25.0,Puneri Paltan,Ranchi
391,Puneri Paltan,Dabang Delhi,34.0,29.0,Puneri Paltan,Delhi
392,Puneri Paltan,Tamil Thalaivas,33.0,20.0,Puneri Paltan,Chennai
393,Puneri Paltan,UP Yoddha,34.0,33.0,Puneri Paltan,Chennai
394,Puneri Paltan,Bengal Warriors,19.0,25.0,Bengal Warriors,Jaipur
395,Puneri Paltan,Jaipur Pink Panthers,38.0,30.0,Puneri Paltan,Jaipur
396,Puneri Paltan,Gujarat Fortune Giants,20.0,44.0,Gujarat Fortune Giants,Pune
397,Puneri Paltan,U Mumba,43.0,24.0,Puneri Paltan,Pune
398,Puneri Paltan,Dabang Delhi,34.0,31.0,Puneri Paltan,Pune
399,Puneri Paltan,Haryana Steelers,27.0,31.0,Haryana Steelers,Pune
400,Puneri Paltan,Jaipur Pink Panthers,38.0,15.0,Puneri Paltan,Pune
401,Puneri Paltan,Gujarat Fortune Giants,22.0,23.0,Gujarat Fortune Giants,Pune
402,Puneri Paltan,U Mumba,32.0,32.0,TIE,Chennai
403,Puneri Paltan,Haryana Steelers,34.0,22.0,Puneri Paltan,Chennai
404,Puneri Paltan,Dabang Delhi,37.0,41.0,Dabang Delhi,Sonepat
405,Puneri Paltan,Haryana Steelers,45.0,27.0,Puneri Paltan,Sonepat
406,Puneri Paltan,Gujarat Fortune Giants,28.0,34.0,Gujarat Fortune Giants,Pune
407,Puneri Paltan,Jaipur Pink Panthers,29.0,25.0,Puneri Paltan,Pune
408,Puneri Paltan,U Mumba,33.0,32.0,Puneri Paltan,Pune
409,Puneri Paltan,Bengaluru Bulls,27.0,25.0,Puneri Paltan,Pune
410,Puneri Paltan,Tamil Thalaivas,31.0,36.0,Tamil Thalaivas,Pune
411,Puneri Paltan,UP Yoddha,23.0,29.0,UP Yoddha,Pune
412,Puneri Paltan,Gujarat Fortune Giants,27.0,37.0,Gujarat Fortune Giants,Patna
413,Puneri Paltan,Dabang Delhi,31.0,27.0,Puneri Paltan,Patna
414,Puneri Paltan,U Mumba,22.0,31.0,U Mumba,Greater Noida
415,Puneri Paltan,Telugu Titans,25.0,28.0,Telugu Titans,Mumbai
416,Puneri Paltan,Bengal Warriors,22.0,26.0,Bengal Warriors,Ahmedabad
417,Puneri Paltan,Jaipur Pink Panthers,30.0,30.0,TIE,Pune
418,Puneri Paltan,Haryana Steelers,35.0,33.0,Puneri Paltan,Pune
419,Puneri Paltan,Gujarat Fortune Giants,20.0,35.0,Gujarat Fortune Giants,Pune
420,Puneri Paltan,Dabang Delhi,24.0,35.0,Dabang Delhi,Delhi
421,Puneri Paltan,Patna Pirates,36.0,53.0,Patna Pirates,Vijag
422,Puneri Paltan,Jaipur Pink Panthers,23.0,36.0,Jaipur Pink Panthers,Panchkula
423,Puneri Paltan,Telugu Titans,35.0,20.0,Puneri Paltan,Kolkata
424,Puneri Paltan,Haryana Steelers,24.0,34.0,Haryana Steelers,Hyderabad
425,Puneri Paltan,U Mumba,23.0,33.0,U Mumba,Mumbai
426,Puneri Paltan,Bengal Warriors,23.0,43.0,Bengal Warriors,Mumbai
427,Puneri Paltan,Patna Pirates,41.0,20.0,Puneri Paltan,Patna
428,Puneri Paltan,Gujarat Fortune Giants,33.0,31.0,Puneri Paltan,Patna
429,Puneri Paltan,Dabang Delhi,30.0,32.0,Dabang Delhi,Ahmedabad
430,Puneri Paltan,Jaipur Pink Panthers,25.0,33.0,Jaipur Pink Panthers,Ahmedabad
431,Puneri Paltan,Tamil Thalaivas,31.0,31.0,TIE,Chennai
432,Puneri Paltan,Bengaluru Bulls,31.0,23.0,Puneri Paltan,Chennai
433,Puneri Paltan,UP Yoddha,30.0,35.0,UP Yoddha,Delhi
434,Puneri Paltan,Telugu Titans,34.0,27.0,Puneri Paltan,Delhi
435,Puneri Paltan,Haryana Steelers,27.0,41.0,Haryana Steelers,Banglore
436,Puneri Paltan,U Mumba,33.0,33.0,TIE,Banglore
437,Puneri Paltan,Bengal Warriors,39.0,42.0,Bengal Warriors,Kolkata
438,Puneri Paltan,Gujarat Fortune Giants,43.0,33.0,Puneri Paltan,Pune
439,Puneri Paltan,Patna Pirates,33.0,55.0,Patna Pirates,Pune
440,Puneri Paltan,Tamil Thalaivas,36.0,36.0,TIE,Pune
441,Puneri Paltan,Bengaluru Bulls,42.0,38.0,Puneri Paltan,Pune
442,Bengal Warriors,U Mumba,25.0,36.0,U Mumba,Mumbai
443,Bengal Warriors,Bengaluru Bulls,30.0,46.0,Bengaluru Bulls,Kolkata
444,Bengal Warriors,Dabang Delhi,42.0,40.0,Bengal Warriors,Kolkata
445,Bengal Warriors,Puneri Paltan,38.0,35.0,Bengal Warriors,Kolkata
446,Bengal Warriors,U Mumba,29.0,39.0,U Mumba,Kolkata
447,Bengal Warriors,Dabang Delhi,36.0,46.0,Dabang Delhi,Delhi
448,Bengal Warriors,Telugu Titans,40.0,35.0,Bengal Warriors,Patna
449,Bengal Warriors,Jaipur Pink Panthers,23.0,39.0,Jaipur Pink Panthers,Patna
450,Bengal Warriors,Puneri Paltan,30.0,40.0,Puneri Paltan,Pune
451,Bengal Warriors,Jaipur Pink Panthers,33.0,41.0,Jaipur Pink Panthers,Vizag
452,Bengal Warriors,Patna Pirates,30.0,28.0,Bengal Warriors,Vizag
453,Bengal Warriors,Patna Pirates,32.0,36.0,Patna Pirates,Jaipur
454,Bengal Warriors,Telugu Titans,34.0,34.0,Bengal Warriors,Jaipur
455,Bengal Warriors,Bengaluru Bulls,24.0,37.0,Bengaluru Bulls,Banglore
456,Bengal Warriors,Bengaluru Bulls,25.0,33.0,Bengaluru Bulls,Mumbai
457,Bengal Warriors,Jaipur Pink Panthers,28.0,26.0,Bengal Warriors,Kolkata
458,Bengal Warriors,Telugu Titans,30.0,32.0,Telugu Titans,Kolkata
459,Bengal Warriors,U Mumba,25.0,29.0,U Mumba,Kolkata
460,Bengal Warriors,Dabang Delhi,21.0,32.0,Dabang Delhi,Kolkata
461,Bengal Warriors,Puneri Paltan,29.0,33.0,Puneri Paltan,Jaipur
462,Bengal Warriors,Patna Pirates,20.0,20.0,TIE,Patna
463,Bengal Warriors,Telugu Titans,28.0,44.0,Telugu Titans,Hyderabad
464,Bengal Warriors,Bengaluru Bulls,22.0,33.0,Bengaluru Bulls,Hyderabad
465,Bengal Warriors,Dabang Delhi,20.0,17.0,Bengal Warriors,Delhi
466,Bengal Warriors,U Mumba,17.0,31.0,U Mumba,Delhi
467,Bengal Warriors,Puneri Paltan,31.0,28.0,Bengal Warriors,Banglore
468,Bengal Warriors,Patna Pirates,32.0,34.0,Patna Pirates,Banglore
469,Bengal Warriors,Jaipur Pink Panthers,39.0,38.0,Bengal Warriors,Pune
470,Bengal Warriors,Telugu Titans,25.0,17.0,Bengal Warriors,Vizag
471,Bengal Warriors,Bengaluru Bulls,34.0,24.0,Bengal Warriors,Banglore
472,Bengal Warriors,Puneri Paltan,33.0,28.0,Bengal Warriors,Kolkata
473,Bengal Warriors,Dabang Delhi,34.0,17.0,Bengal Warriors,Kolkata
474,Bengal Warriors,Patna Pirates,31.0,36.0,Patna Pirates,Kolkata
475,Bengal Warriors,Jaipur Pink Panthers,34.0,20.0,Bengal Warriors,Kolkata
476,Bengal Warriors,U Mumba,21.0,32.0,U Mumba,Pune
477,Bengal Warriors,Patna Pirates,27.0,32.0,Patna Pirates,Patna
478,Bengal Warriors,Telugu Titans,32.0,28.0,Bengal Warriors,Patna
479,Bengal Warriors,Jaipur Pink Panthers,34.0,18.0,Bengal Warriors,Jaipur
480,Bengal Warriors,U Mumba,17.0,30.0,U Mumba,Jaipur
481,Bengal Warriors,Dabang Delhi,37.0,31.0,Bengal Warriors,Delhi
482,Bengal Warriors,Bengaluru Bulls,26.0,22.0,Bengal Warriors,Mumbai
483,Bengal Warriors,Puneri Paltan,19.0,43.0,Puneri Paltan,Mumbai
484,Bengal Warriors,Bengaluru Bulls,23.0,24.0,Bengaluru Bulls,Pune
485,Bengal Warriors,Dabang Delhi,31.0,23.0,Bengal Warriors,Pune
486,Bengal Warriors,Jaipur Pink Panthers,33.0,36.0,Jaipur Pink Panthers,Jaipur
487,Bengal Warriors,U Mumba,18.0,26.0,U Mumba,Hyderabad
488,Bengal Warriors,Telugu Titans,18.0,35.0,Telugu Titans,Hyderabad
489,Bengal Warriors,Telugu Titans,30.0,24.0,Bengal Warriors,Hyderabad
490,Bengal Warriors,UP Yoddha,40.0,20.0,Bengal Warriors,Nagpur
491,Bengal Warriors,Bengaluru Bulls,25.0,31.0,Bengaluru Bulls,Nagpur
492,Bengal Warriors,Puneri Paltan,17.0,34.0,Puneri Paltan,Ahmedabad
493,Bengal Warriors,Gujarat Fortune Giants,26.0,26.0,TIE,Ahmedabad
494,Bengal Warriors,UP Yoddha,32.0,31.0,Bengal Warriors,Lucknow
495,Bengal Warriors,Patna Pirates,36.0,36.0,TIE,Mumbai
496,Bengal Warriors,Bengaluru Bulls,32.0,26.0,Bengal Warriors,Mumbai
497,Bengal Warriors,Patna Pirates,41.0,38.0,Bengal Warriors,Kolkata
498,Bengal Warriors,UP Yoddha,26.0,26.0,TIE,Kolkata
499,Bengal Warriors,Tamil Thalaivas,29.0,25.0,Bengal Warriors,Kolkata
500,Bengal Warriors,Haryana Steelers,29.0,36.0,Haryana Steelers,Kolkata
501,Bengal Warriors,U Mumba,31.0,37.0,U Mumba,Kolkata
502,Bengal Warriors,Dabang Delhi,31.0,31.0,TIE,Kolkata
503,Bengal Warriors,Telugu Titans,32.0,31.0,Bengal Warriors,Sonepat
504,Bengal Warriors,Patna Pirates,37.0,37.0,TIE,Ranchi
505,Bengal Warriors,Bengaluru Bulls,33.0,29.0,Bengal Warriors,Delhi
506,Bengal Warriors,Tamil Thalaivas,32.0,33.0,Tamil Thalaivas,Delhi
507,Bengal Warriors,Jaipur Pink Panthers,32.0,31.0,Bengal Warriors,Chennai
508,Bengal Warriors,Puneri Paltan,25.0,19.0,Bengal Warriors,Jaipur
509,Bengal Warriors,Tamil Thalaivas,34.0,30.0,Bengal Warriors,Pune
510,Bengal Warriors,Telugu Titans,37.0,37.0,TIE,Pune
511,Bengal Warriors,Tamil Thalaivas,36.0,27.0,Bengal Warriors,Chennai
512,Bengal Warriors,Telugu Titans,30.0,25.0,Bengal Warriors,Sonepat
513,Bengal Warriors,UP Yoddha,40.0,40.0,TIE,Pune
514,Bengal Warriors,Dabang Delhi,30.0,39.0,Dabang Delhi,Pune
515,Bengal Warriors,Jaipur Pink Panthers,39.0,28.0,Bengal Warriors,Patna
516,Bengal Warriors,Patna Pirates,27.0,29.0,Patna Pirates,Patna
517,Bengal Warriors,UP Yoddha,30.0,30.0,TIE,Greater Noida
518,Bengal Warriors,Telugu Titans,30.0,25.0,Bengal Warriors,Mumbai
519,Bengal Warriors,Patna Pirates,30.0,50.0,Patna Pirates,Mumbai
520,Bengal Warriors,Gujarat Fortune Giants,23.0,35.0,Gujarat Fortune Giants,Ahmedabad
521,Bengal Warriors,Puneri Paltan,26.0,22.0,Bengal Warriors,Ahmedabad
522,Bengal Warriors,Bengaluru Bulls,33.0,31.0,Bengal Warriors,Pune
523,Bengal Warriors,Bengaluru Bulls,44.0,37.0,Bengal Warriors,Pune
524,Bengal Warriors,Haryana Steelers,33.0,35.0,Haryana Steelers,Delhi
525,Bengal Warriors,U Mumba,20.0,31.0,U Mumba,Vijag
526,Bengal Warriors,Tamil Thalaivas,28.0,21.0,Bengal Warriors,Panchkula
527,Bengal Warriors,Tamil Thalaivas,27.0,24.0,Bengal Warriors,Kolkata
528,Bengal Warriors,Patna Pirates,39.0,23.0,Bengal Warriors,Kolkata
529,Bengal Warriors,Dabang Delhi,31.0,37.0,Dabang Delhi,Kolkata
530,Bengal Warriors,Telugu Titans,39.0,34.0,Bengal Warriors,Kolkata
531,Bengal Warriors,Bengaluru Bulls,37.0,31.0,Bengal Warriors,Kolkata
532,Bengal Warriors,UP Yoddha,25.0,41.0,UP Yoddha,Kolkata
533,Bengal Warriors,UP Yoddha,48.0,17.0,Bengal Warriors,Hyderabad
534,Bengal Warriors,Jaipur Pink Panthers,25.0,27.0,Jaipur Pink Panthers,Mumbai
535,Bengal Warriors,Puneri Paltan,43.0,23.0,Bengal Warriors,Mumbai
536,Bengal Warriors,Bengaluru Bulls,42.0,43.0,Bengaluru Bulls,Patna
537,Bengal Warriors,U Mumba,32.0,30.0,Bengal Warriors,Patna
538,Bengal Warriors,Telugu Titans,29.0,29.0,TIE,Ahmedabad
539,Bengal Warriors,Gujarat Fortune Giants,28.0,26.0,Bengal Warriors,Ahmedabad
540,Bengal Warriors,Dabang Delhi,30.0,30.0,TIE,Chennai
541,Bengal Warriors,Patna Pirates,35.0,26.0,Bengal Warriors,Chennai
542,Bengal Warriors,Haryana Steelers,33.0,36.0,Haryana Steelers,Delhi
543,Bengal Warriors,Tamil Thalaivas,35.0,26.0,Bengal Warriors,Delhi
544,Bengal Warriors,UP Yoddha,29.0,32.0,UP Yoddha,Banglore
545,Bengal Warriors,Gujarat Fortune Giants,25.0,25.0,TIE,Kolkata
546,Bengal Warriors,Puneri Paltan,42.0,39.0,Bengal Warriors,Kolkata
547,Bengal Warriors,U Mumba,29.0,26.0,Bengal Warriors,Kolkata
548,Bengal Warriors,Bengaluru Bulls,42.0,40.0,Bengal Warriors,Kolkata
549,Bengal Warriors,Haryana Steelers,48.0,36.0,Bengal Warriors,Pune
550,Bengal Warriors,Jaipur Pink Panthers,41.0,40.0,Bengal Warriors,Jaipur
551,Jaipur Pink Panthers,U Mumba,31.0,45.0,U Mumba,Mumbai
552,Jaipur Pink Panthers,Telugu Titans,46.0,32.0,Jaipur Pink Panthers,Kolkata
553,Jaipur Pink Panthers,Patna Pirates,40.0,18.0,Jaipur Pink Panthers,Kolkata
554,Jaipur Pink Panthers,Dabang Delhi,40.0,31.0,Jaipur Pink Panthers,Delhi
555,Jaipur Pink Panthers,Telugu Titans,49.0,29.0,Jaipur Pink Panthers,Patna
556,Jaipur Pink Panthers,Bengal Warriors,39.0,23.0,Jaipur Pink Panthers,Patna
557,Jaipur Pink Panthers,Puneri Paltan,50.0,23.0,Jaipur Pink Panthers,Pune
558,Jaipur Pink Panthers,Bengal Warriors,41.0,33.0,Jaipur Pink Panthers,Vizag
559,Jaipur Pink Panthers,Patna Pirates,30.0,52.0,Patna Pirates,Vizag
560,Jaipur Pink Panthers,Bengaluru Bulls,36.0,31.0,Jaipur Pink Panthers,Jaipur
561,Jaipur Pink Panthers,U Mumba,31.0,31.0,U Mumba,Jaipur
562,Jaipur Pink Panthers,Dabang Delhi,41.0,31.0,Jaipur Pink Panthers,Jaipur
563,Jaipur Pink Panthers,Puneri Paltan,33.0,27.0,Jaipur Pink Panthers,Jaipur
564,Jaipur Pink Panthers,Bengaluru Bulls,29.0,30.0,Bengaluru Bulls,Banglore
565,Jaipur Pink Panthers,U Mumba,28.0,29.0,U Mumba,Mumbai
566,Jaipur Pink Panthers,Bengal Warriors,26.0,28.0,Bengal Warriors,Kolkata
567,Jaipur Pink Panthers,Patna Pirates,23.0,29.0,Patna Pirates,Jaipur
568,Jaipur Pink Panthers,Telugu Titans,22.0,33.0,Telugu Titans,Jaipur
569,Jaipur Pink Panthers,Bengaluru Bulls,36.0,23.0,Jaipur Pink Panthers,Jaipur
570,Jaipur Pink Panthers,Dabang Delhi,27.0,35.0,Dabang Delhi,Jaipur
571,Jaipur Pink Panthers,Puneri Paltan,35.0,29.0,Jaipur Pink Panthers,Patna
572,Jaipur Pink Panthers,Telugu Titans,39.0,39.0,TIE,Hyderabad
573,Jaipur Pink Panthers,U Mumba,35.0,25.0,Jaipur Pink Panthers,Hyderabad
574,Jaipur Pink Panthers,Dabang Delhi,51.0,21.0,Jaipur Pink Panthers,Delhi
575,Jaipur Pink Panthers,Puneri Paltan,31.0,18.0,Jaipur Pink Panthers,Delhi
576,Jaipur Pink Panthers,Bengaluru Bulls,27.0,25.0,Jaipur Pink Panthers,Banglore
577,Jaipur Pink Panthers,Bengal Warriors,38.0,39.0,Bengal Warriors,Pune
578,Jaipur Pink Panthers,Patna Pirates,24.0,26.0,Patna Pirates,Pune
579,Jaipur Pink Panthers,U Mumba,27.0,18.0,Jaipur Pink Panthers,Vizag
580,Jaipur Pink Panthers,Patna Pirates,28.0,29.0,Patna Pirates,Vizag
581,Jaipur Pink Panthers,Bengaluru Bulls,26.0,36.0,Bengaluru Bulls,Banglore
582,Jaipur Pink Panthers,Dabang Delhi,39.0,34.0,Jaipur Pink Panthers,Kolkata
583,Jaipur Pink Panthers,Bengal Warriors,20.0,34.0,Bengal Warriors,Kolkata
584,Jaipur Pink Panthers,Puneri Paltan,32.0,32.0,TIE,Pune
585,Jaipur Pink Panthers,Telugu Titans,25.0,27.0,Telugu Titans,Pune
586,Jaipur Pink Panthers,Telugu Titans,35.0,26.0,Jaipur Pink Panthers,Patna
587,Jaipur Pink Panthers,Bengaluru Bulls,30.0,21.0,Jaipur Pink Panthers,Jaipur
588,Jaipur Pink Panthers,Puneri Paltan,18.0,33.0,Puneri Paltan,Jaipur
589,Jaipur Pink Panthers,Bengal Warriors,18.0,34.0,Bengal Warriors,Jaipur
590,Jaipur Pink Panthers,Patna Pirates,24.0,47.0,Patna Pirates,Jaipur
591,Jaipur Pink Panthers,Dabang Delhi,21.0,21.0,TIE,Delhi
592,Jaipur Pink Panthers,U Mumba,21.0,35.0,U Mumba,Mumbai
593,Jaipur Pink Panthers,U Mumba,34.0,36.0,U Mumba,Pune
594,Jaipur Pink Panthers,Telugu Titans,28.0,24.0,Jaipur Pink Panthers,Jaipur
595,Jaipur Pink Panthers,Bengaluru Bulls,28.0,28.0,TIE,Jaipur
596,Jaipur Pink Panthers,Bengal Warriors,36.0,33.0,Jaipur Pink Panthers,Jaipur
597,Jaipur Pink Panthers,Puneri Paltan,28.0,33.0,Puneri Paltan,Jaipur
598,Jaipur Pink Panthers,Dabang Delhi,51.0,26.0,Jaipur Pink Panthers,Hyderabad
599,Jaipur Pink Panthers,Dabang Delhi,26.0,30.0,Dabang Delhi,Hyderabad
600,Jaipur Pink Panthers,Puneri Paltan,30.0,28.0,Jaipur Pink Panthers,Nagpur
601,Jaipur Pink Panthers,Gujarat Fortune Giants,20.0,27.0,Gujarat Fortune Giants,Ahmedabad
602,Jaipur Pink Panthers,Bengaluru Bulls,30.0,28.0,Jaipur Pink Panthers,Lucknow
603,Jaipur Pink Panthers,UP Yoddha,24.0,22.0,Jaipur Pink Panthers,Lucknow
604,Jaipur Pink Panthers,U Mumba,39.0,36.0,Jaipur Pink Panthers,Mumbai
605,Jaipur Pink Panthers,U Mumba,32.0,36.0,U Mumba,Mumbai
606,Jaipur Pink Panthers,Gujarat Fortune Giants,31.0,25.0,Jaipur Pink Panthers,Kolkata
607,Jaipur Pink Panthers,Patna Pirates,20.0,47.0,Patna Pirates,Kolkata
608,Jaipur Pink Panthers,Haryana Steelers,27.0,27.0,TIE,Sonepat
609,Jaipur Pink Panthers,Dabang Delhi,36.0,25.0,Jaipur Pink Panthers,Ranchi
610,Jaipur Pink Panthers,Haryana Steelers,26.0,30.0,Haryana Steelers,Ranchi
611,Jaipur Pink Panthers,Telugu Titans,34.0,41.0,Telugu Titans,Delhi
612,Jaipur Pink Panthers,Tamil Thalaivas,27.0,26.0,Jaipur Pink Panthers,Chennai
613,Jaipur Pink Panthers,Bengal Warriors,31.0,32.0,Bengal Warriors,Chennai
614,Jaipur Pink Panthers,Gujarat Fortune Giants,23.0,29.0,Gujarat Fortune Giants,Jaipur
615,Jaipur Pink Panthers,U Mumba,36.0,32.0,Jaipur Pink Panthers,Jaipur
616,Jaipur Pink Panthers,Puneri Paltan,30.0,38.0,Puneri Paltan,Jaipur
617,Jaipur Pink Panthers,Dabang Delhi,34.0,35.0,Dabang Delhi,Jaipur
618,Jaipur Pink Panthers,Haryana Steelers,27.0,37.0,Haryana Steelers,Jaipur
619,Jaipur Pink Panthers,UP Yoddha,32.0,53.0,UP Yoddha,Jaipur
620,Jaipur Pink Panthers,Puneri Paltan,15.0,38.0,Puneri Paltan,Pune
621,Jaipur Pink Panthers,U Mumba,32.0,39.0,U Mumba,Chennai
622,Jaipur Pink Panthers,Haryana Steelers,36.0,33.0,Jaipur Pink Panthers,Sonepat
623,Jaipur Pink Panthers,Puneri Paltan,25.0,29.0,Puneri Paltan,Pune
624,Jaipur Pink Panthers,Patna Pirates,30.0,41.0,Patna Pirates,Patna
625,Jaipur Pink Panthers,Bengal Warriors,28.0,39.0,Bengal Warriors,Patna
626,Jaipur Pink Panthers,Gujarat Fortune Giants,25.0,36.0,Gujarat Fortune Giants,Greater Noida
627,Jaipur Pink Panthers,Haryana Steelers,38.0,32.0,Jaipur Pink Panthers,Greater Noida
628,Jaipur Pink Panthers,U Mumba,24.0,48.0,U Mumba,Mumbai
629,Jaipur Pink Panthers,Dabang Delhi,29.0,40.0,Dabang Delhi,Mumbai
630,Jaipur Pink Panthers,UP Yoddha,45.0,28.0,Jaipur Pink Panthers,Ahmedabad
631,Jaipur Pink Panthers,Bengaluru Bulls,32.0,45.0,Bengaluru Bulls,Ahmedabad
632,Jaipur Pink Panthers,Puneri Paltan,30.0,30.0,TIE,Pune
633,Jaipur Pink Panthers,Dabang Delhi,35.0,48.0,Dabang Delhi,Delhi
634,Jaipur Pink Panthers,Telugu Titans,26.0,36.0,Telugu Titans,Vijag
635,Jaipur Pink Panthers,Tamil Thalaivas,37.0,24.0,Jaipur Pink Panthers,Vijag
636,Jaipur Pink Panthers,Puneri Paltan,36.0,23.0,Jaipur Pink Panthers,Panchkula
637,Jaipur Pink Panthers,U Mumba,35.0,35.0,TIE,Panchkula
638,Jaipur Pink Panthers,Gujarat Fortune Giants,29.0,34.0,Gujarat Fortune Giants,Panchkula
639,Jaipur Pink Panthers,Haryana Steelers,39.0,30.0,Jaipur Pink Panthers,Panchkula
640,Jaipur Pink Panthers,Gujarat Fortune Giants,31.0,33.0,Gujarat Fortune Giants,Panchkula
641,Jaipur Pink Panthers,Dabang Delhi,37.0,37.0,TIE,Panchkula
642,Jaipur Pink Panthers,Bengaluru Bulls,32.0,40.0,Bengaluru Bulls,Kolkata
643,Jaipur Pink Panthers,U Mumba,42.0,23.0,Jaipur Pink Panthers,Hyderabad
644,Jaipur Pink Panthers,Bengal Warriors,27.0,25.0,Jaipur Pink Panthers,Mumbai
645,Jaipur Pink Panthers,Haryana Steelers,37.0,21.0,Jaipur Pink Panthers,Mumbai
646,Jaipur Pink Panthers,Patna Pirates,34.0,21.0,Jaipur Pink Panthers,Patna
647,Jaipur Pink Panthers,Dabang Delhi,24.0,35.0,Dabang Delhi,Patna
648,Jaipur Pink Panthers,Puneri Paltan,33.0,25.0,Jaipur Pink Panthers,Ahmedabad
649,Jaipur Pink Panthers,Gujarat Fortune Giants,22.0,19.0,Jaipur Pink Panthers,Ahmedabad
650,Jaipur Pink Panthers,UP Yoddha,24.0,31.0,UP Yoddha,Chennai
651,Jaipur Pink Panthers,Tamil Thalaivas,28.0,26.0,Jaipur Pink Panthers,Chennai
652,Jaipur Pink Panthers,Telugu Titans,21.0,24.0,Telugu Titans,Delhi
653,Jaipur Pink Panthers,Bengaluru Bulls,30.0,41.0,Bengaluru Bulls,Delhi
654,Jaipur Pink Panthers,U Mumba,21.0,47.0,U Mumba,Banglore
655,Jaipur Pink Panthers,Dabang Delhi,44.0,46.0,Dabang Delhi,Banglore
656,Jaipur Pink Panthers,Haryana Steelers,32.0,32.0,TIE,Kolkata
657,Jaipur Pink Panthers,Patna Pirates,33.0,36.0,Patna Pirates,Kolkata
658,Jaipur Pink Panthers,UP Yoddha,32.0,38.0,UP Yoddha,Pune
659,Jaipur Pink Panthers,Gujarat Fortune Giants,28.0,28.0,TIE,Jaipur
660,Jaipur Pink Panthers,Bengal Warriors,40.0,41.0,Bengal Warriors,Jaipur
661,Telugu Titans,U Mumba,35.0,35.0,Telugu Titans,Mumbai
662,Telugu Titans,Jaipur Pink Panthers,32.0,46.0,Jaipur Pink Panthers,Kolkata
663,Telugu Titans,Patna Pirates,35.0,38.0,Patna Pirates,Kolkata
664,Telugu Titans,Dabang Delhi,39.0,35.0,Telugu Titans,Delhi
665,Telugu Titans,Bengal Warriors,35.0,40.0,Bengal Warriors,Patna
666,Telugu Titans,Jaipur Pink Panthers,29.0,49.0,Jaipur Pink Panthers,Patna
667,Telugu Titans,Puneri Paltan,42.0,36.0,Telugu Titans,Pune
668,Telugu Titans,Bengaluru Bulls,28.0,28.0,Bengaluru Bulls,Vizag
669,Telugu Titans,U Mumba,44.0,43.0,Telugu Titans,Vizag
670,Telugu Titans,Puneri Paltan,60.0,24.0,Telugu Titans,Vizag
671,Telugu Titans,Dabang Delhi,45.0,26.0,Telugu Titans,Vizag
672,Telugu Titans,Bengal Warriors,34.0,34.0,Bengal Warriors,Jaipur
673,Telugu Titans,Patna Pirates,32.0,29.0,Telugu Titans,Jaipur
674,Telugu Titans,Bengaluru Bulls,26.0,27.0,Bengaluru Bulls,Banglore
675,Telugu Titans,Dabang Delhi,36.0,27.0,Telugu Titans,Mumbai
676,Telugu Titans,Puneri Paltan,45.0,24.0,Telugu Titans,Mumbai
677,Telugu Titans,Bengal Warriors,32.0,30.0,Telugu Titans,Kolkata
678,Telugu Titans,U Mumba,26.0,27.0,U Mumba,Jaipur
679,Telugu Titans,Jaipur Pink Panthers,33.0,22.0,Telugu Titans,Jaipur
680,Telugu Titans,Patna Pirates,34.0,22.0,Telugu Titans,Patna
681,Telugu Titans,Bengaluru Bulls,21.0,35.0,Bengaluru Bulls,Patna
682,Telugu Titans,Jaipur Pink Panthers,39.0,39.0,TIE,Hyderabad
683,Telugu Titans,Bengal Warriors,44.0,28.0,Telugu Titans,Hyderabad
684,Telugu Titans,Patna Pirates,54.0,32.0,Telugu Titans,Hyderabad
685,Telugu Titans,Puneri Paltan,29.0,29.0,TIE,Hyderabad
686,Telugu Titans,Dabang Delhi,45.0,45.0,TIE,Delhi
687,Telugu Titans,Bengaluru Bulls,29.0,43.0,Bengaluru Bulls,Banglore
688,Telugu Titans,U Mumba,46.0,25.0,Telugu Titans,Pune
689,Telugu Titans,U Mumba,25.0,27.0,U Mumba,Vizag
690,Telugu Titans,Puneri Paltan,27.0,26.0,Telugu Titans,Vizag
691,Telugu Titans,Dabang Delhi,45.0,34.0,Telugu Titans,Vizag
692,Telugu Titans,Bengal Warriors,17.0,25.0,Bengal Warriors,Vizag
693,Telugu Titans,Bengaluru Bulls,35.0,26.0,Telugu Titans,Banglore
694,Telugu Titans,Patna Pirates,25.0,29.0,Patna Pirates,Kolkata
695,Telugu Titans,Jaipur Pink Panthers,27.0,25.0,Telugu Titans,Pune
696,Telugu Titans,Jaipur Pink Panthers,26.0,35.0,Jaipur Pink Panthers,Patna
697,Telugu Titans,Bengal Warriors,28.0,32.0,Bengal Warriors,Patna
698,Telugu Titans,Bengaluru Bulls,40.0,22.0,Telugu Titans,Jaipur
699,Telugu Titans,Dabang Delhi,44.0,36.0,Telugu Titans,Delhi
700,Telugu Titans,Puneri Paltan,24.0,41.0,Puneri Paltan,Delhi
701,Telugu Titans,Patna Pirates,42.0,41.0,Telugu Titans,Mumbai
702,Telugu Titans,U Mumba,22.0,38.0,U Mumba,Mumbai
703,Telugu Titans,Puneri Paltan,24.0,28.0,Puneri Paltan,Pune
704,Telugu Titans,Jaipur Pink Panthers,24.0,28.0,Jaipur Pink Panthers,Jaipur
705,Telugu Titans,Patna Pirates,33.0,35.0,Patna Pirates,Hyderabad
706,Telugu Titans,Bengal Warriors,35.0,18.0,Telugu Titans,Hyderabad
707,Telugu Titans,Bengaluru Bulls,28.0,30.0,Bengaluru Bulls,Hyderabad
708,Telugu Titans,U Mumba,35.0,30.0,Telugu Titans,Hyderabad
709,Telugu Titans,Tamil Thalaivas,32.0,27.0,Telugu Titans,Hyderabad
710,Telugu Titans,Patna Pirates,29.0,35.0,Patna Pirates,Hyderabad
711,Telugu Titans,Bengaluru Bulls,21.0,31.0,Bengaluru Bulls,Hyderabad
712,Telugu Titans,UP Yoddha,18.0,31.0,UP Yoddha,Hyderabad
713,Telugu Titans,Bengal Warriors,24.0,30.0,Bengal Warriors,Hyderabad
714,Telugu Titans,Patna Pirates,36.0,43.0,Patna Pirates,Hyderabad
715,Telugu Titans,Bengaluru Bulls,21.0,21.0,TIE,Nagpur
716,Telugu Titans,UP Yoddha,32.0,39.0,UP Yoddha,Ahmedabad
717,Telugu Titans,Gujarat Fortune Giants,19.0,29.0,Gujarat Fortune Giants,Ahmedabad
718,Telugu Titans,U Mumba,37.0,32.0,Telugu Titans,Lucknow
719,Telugu Titans,UP Yoddha,23.0,25.0,UP Yoddha,Lucknow
720,Telugu Titans,Tamil Thalaivas,33.0,28.0,Telugu Titans,Mumbai
721,Telugu Titans,Puneri Paltan,37.0,42.0,Puneri Paltan,Kolkata
722,Telugu Titans,Haryana Steelers,37.0,19.0,Telugu Titans,Sonepat
723,Telugu Titans,Bengal Warriors,31.0,32.0,Bengal Warriors,Sonepat
724,Telugu Titans,Patna Pirates,30.0,46.0,Patna Pirates,Ranchi
725,Telugu Titans,Bengaluru Bulls,26.0,26.0,TIE,Ranchi
726,Telugu Titans,Jaipur Pink Panthers,41.0,34.0,Telugu Titans,Delhi
727,Telugu Titans,Dabang Delhi,44.0,22.0,Telugu Titans,Delhi
728,Telugu Titans,Tamil Thalaivas,58.0,37.0,Telugu Titans,Chennai
729,Telugu Titans,Haryana Steelers,30.0,32.0,Haryana Steelers,Jaipur
730,Telugu Titans,Bengal Warriors,37.0,37.0,TIE,Pune
731,Telugu Titans,Tamil Thalaivas,33.0,28.0,Telugu Titans,Chennai
732,Telugu Titans,UP Yoddha,34.0,29.0,Telugu Titans,Sonepat
733,Telugu Titans,Bengal Warriors,25.0,30.0,Bengal Warriors,Sonepat
734,Telugu Titans,Patna Pirates,35.0,31.0,Telugu Titans,Pune
735,Telugu Titans,U Mumba,20.0,41.0,U Mumba,Pune
736,Telugu Titans,Patna Pirates,53.0,32.0,Telugu Titans,Patna
737,Telugu Titans,UP Yoddha,26.0,26.0,TIE,Greater Noida
738,Telugu Titans,Bengal Warriors,25.0,30.0,Bengal Warriors,Mumbai
739,Telugu Titans,Puneri Paltan,28.0,25.0,Telugu Titans,Mumbai
740,Telugu Titans,Tamil Thalaivas,23.0,27.0,Tamil Thalaivas,Ahmedabad
741,Telugu Titans,Tamil Thalaivas,25.0,31.0,Tamil Thalaivas,Pune
742,Telugu Titans,Bengaluru Bulls,26.0,34.0,Bengaluru Bulls,Pune
743,Telugu Titans,Dabang Delhi,29.0,34.0,Dabang Delhi,Delhi
744,Telugu Titans,Gujarat Fortune Giants,27.0,29.0,Gujarat Fortune Giants,Vijag
745,Telugu Titans,Jaipur Pink Panthers,36.0,26.0,Telugu Titans,Vijag
746,Telugu Titans,Haryana Steelers,35.0,31.0,Telugu Titans,Vijag
747,Telugu Titans,UP Yoddha,20.0,27.0,UP Yoddha,Vijag
748,Telugu Titans,Bengaluru Bulls,24.0,37.0,Bengaluru Bulls,Vijag
749,Telugu Titans,Patna Pirates,41.0,36.0,Telugu Titans,Vijag
750,Telugu Titans,Bengaluru Bulls,28.0,44.0,Bengaluru Bulls,Panchkula
751,Telugu Titans,Puneri Paltan,20.0,35.0,Puneri Paltan,Kolkata
752,Telugu Titans,Bengal Warriors,34.0,39.0,Bengal Warriors,Kolkata
753,Telugu Titans,U Mumba,25.0,31.0,U Mumba,Hyderabad
754,Telugu Titans,Tamil Thalaivas,26.0,39.0,Tamil Thalaivas,Hyderabad
755,Telugu Titans,Dabang Delhi,33.0,34.0,Dabang Delhi,Hyderabad
756,Telugu Titans,Patna Pirates,22.0,34.0,Patna Pirates,Hyderabad
757,Telugu Titans,UP Yoddha,20.0,20.0,TIE,Mumbai
758,Telugu Titans,Bengaluru Bulls,26.0,47.0,Bengaluru Bulls,Patna
759,Telugu Titans,Gujarat Fortune Giants,30.0,24.0,Telugu Titans,Ahmedabad
760,Telugu Titans,Bengal Warriors,29.0,29.0,TIE,Ahmedabad
761,Telugu Titans,Haryana Steelers,40.0,29.0,Telugu Titans,Chennai
762,Telugu Titans,Jaipur Pink Panthers,24.0,21.0,Telugu Titans,Delhi
763,Telugu Titans,Puneri Paltan,27.0,34.0,Puneri Paltan,Delhi
764,Telugu Titans,Tamil Thalaivas,35.0,30.0,Telugu Titans,Banglore
765,Telugu Titans,Bengaluru Bulls,39.0,40.0,Bengaluru Bulls,Banglore
766,Telugu Titans,U Mumba,27.0,41.0,U Mumba,Kolkata
767,Telugu Titans,Dabang Delhi,29.0,37.0,Dabang Delhi,Pune
768,Telugu Titans,Patna Pirates,42.0,42.0,TIE,Pune
769,Patna Pirates,U Mumba,33.0,36.0,U Mumba,Mumbai
770,Patna Pirates,Telugu Titans,38.0,35.0,Patna Pirates,Kolkata
771,Patna Pirates,Jaipur Pink Panthers,18.0,40.0,Jaipur Pink Panthers,Kolkata
772,Patna Pirates,Dabang Delhi,36.0,31.0,Patna Pirates,Delhi
773,Patna Pirates,Puneri Paltan,35.0,27.0,Patna Pirates,Patna
774,Patna Pirates,U Mumba,37.0,37.0,U Mumba,Patna
775,Patna Pirates,Dabang Delhi,30.0,30.0,Dabang Delhi,Patna
776,Patna Pirates,Bengaluru Bulls,35.0,37.0,Bengaluru Bulls,Patna
777,Patna Pirates,Puneri Paltan,37.0,31.0,Patna Pirates,Pune
778,Patna Pirates,Jaipur Pink Panthers,52.0,30.0,Patna Pirates,Vizag
779,Patna Pirates,Bengal Warriors,28.0,30.0,Bengal Warriors,Vizag
780,Patna Pirates,Bengal Warriors,36.0,32.0,Patna Pirates,Jaipur
781,Patna Pirates,Telugu Titans,29.0,32.0,Telugu Titans,Jaipur
782,Patna Pirates,Bengaluru Bulls,33.0,31.0,Patna Pirates,Banglore
783,Patna Pirates,U Mumba,20.0,25.0,U Mumba,Mumbai
784,Patna Pirates,Bengaluru Bulls,26.0,31.0,Bengaluru Bulls,Kolkata
785,Patna Pirates,Jaipur Pink Panthers,29.0,23.0,Patna Pirates,Jaipur
786,Patna Pirates,Telugu Titans,22.0,34.0,Telugu Titans,Patna
787,Patna Pirates,Dabang Delhi,39.0,22.0,Patna Pirates,Patna
788,Patna Pirates,Puneri Paltan,32.0,28.0,Patna Pirates,Patna
789,Patna Pirates,Bengal Warriors,20.0,20.0,TIE,Patna
790,Patna Pirates,Telugu Titans,32.0,54.0,Telugu Titans,Hyderabad
791,Patna Pirates,Bengaluru Bulls,30.0,28.0,Patna Pirates,Delhi
792,Patna Pirates,Dabang Delhi,26.0,45.0,Dabang Delhi,Delhi
793,Patna Pirates,Bengal Warriors,34.0,32.0,Patna Pirates,Banglore
794,Patna Pirates,U Mumba,27.0,32.0,U Mumba,Banglore
795,Patna Pirates,Puneri Paltan,38.0,21.0,Patna Pirates,Pune
796,Patna Pirates,Jaipur Pink Panthers,26.0,24.0,Patna Pirates,Pune
797,Patna Pirates,Jaipur Pink Panthers,29.0,28.0,Patna Pirates,Vizag
798,Patna Pirates,Bengaluru Bulls,33.0,24.0,Patna Pirates,Banglore
799,Patna Pirates,U Mumba,40.0,26.0,Patna Pirates,Banglore
800,Patna Pirates,Telugu Titans,29.0,25.0,Patna Pirates,Kolkata
801,Patna Pirates,Bengal Warriors,36.0,31.0,Patna Pirates,Kolkata
802,Patna Pirates,Puneri Paltan,30.0,30.0,TIE,Pune
803,Patna Pirates,Dabang Delhi,47.0,34.0,Patna Pirates,Pune
804,Patna Pirates,Bengal Warriors,32.0,27.0,Patna Pirates,Patna
805,Patna Pirates,Bengaluru Bulls,36.0,22.0,Patna Pirates,Patna
806,Patna Pirates,Puneri Paltan,28.0,28.0,TIE,Patna
807,Patna Pirates,U Mumba,28.0,34.0,U Mumba,Patna
808,Patna Pirates,Jaipur Pink Panthers,47.0,24.0,Patna Pirates,Jaipur
809,Patna Pirates,Dabang Delhi,67.0,34.0,Patna Pirates,Delhi
810,Patna Pirates,Telugu Titans,41.0,42.0,Telugu Titans,Mumbai
811,Patna Pirates,Puneri Paltan,30.0,24.0,Patna Pirates,Pune
812,Patna Pirates,Telugu Titans,35.0,33.0,Patna Pirates,Hyderabad
813,Patna Pirates,Bengaluru Bulls,31.0,25.0,Patna Pirates,Patna
814,Patna Pirates,Telugu Titans,35.0,29.0,Patna Pirates,Hyderabad
815,Patna Pirates,Telugu Titans,43.0,36.0,Patna Pirates,Hyderabad
816,Patna Pirates,Bengaluru Bulls,46.0,32.0,Patna Pirates,Nagpur
817,Patna Pirates,UP Yoddha,27.0,27.0,TIE,Ahmedabad
818,Patna Pirates,Puneri Paltan,42.0,47.0,Puneri Paltan,Lucknow
819,Patna Pirates,Bengal Warriors,36.0,36.0,TIE,Mumbai
820,Patna Pirates,Tamil Thalaivas,35.0,24.0,Patna Pirates,Mumbai
821,Patna Pirates,Bengal Warriors,38.0,41.0,Bengal Warriors,Kolkata
822,Patna Pirates,Jaipur Pink Panthers,47.0,20.0,Patna Pirates,Kolkata
823,Patna Pirates,Haryana Steelers,41.0,41.0,TIE,Sonepat
824,Patna Pirates,U Mumba,41.0,51.0,U Mumba,Sonepat
825,Patna Pirates,Telugu Titans,46.0,30.0,Patna Pirates,Ranchi
826,Patna Pirates,UP Yoddha,45.0,42.0,Patna Pirates,Ranchi
827,Patna Pirates,Bengal Warriors,37.0,37.0,TIE,Ranchi
828,Patna Pirates,Bengaluru Bulls,36.0,32.0,Patna Pirates,Ranchi
829,Patna Pirates,Tamil Thalaivas,41.0,39.0,Patna Pirates,Ranchi
830,Patna Pirates,UP Yoddha,41.0,46.0,UP Yoddha,Ranchi
831,Patna Pirates,Dabang Delhi,36.0,34.0,Patna Pirates,Delhi
832,Patna Pirates,Gujarat Fortune Giants,29.0,30.0,Gujarat Fortune Giants,Chennai
833,Patna Pirates,Gujarat Fortune Giants,29.0,33.0,Gujarat Fortune Giants,Jaipur
834,Patna Pirates,Tamil Thalaivas,37.0,40.0,Tamil Thalaivas,Pune
835,Patna Pirates,Bengaluru Bulls,29.0,29.0,TIE,Pune
836,Patna Pirates,Tamil Thalaivas,26.0,42.0,Tamil Thalaivas,Chennai
837,Patna Pirates,UP Yoddha,43.0,41.0,Patna Pirates,Chennai
838,Patna Pirates,UP Yoddha,43.0,37.0,Patna Pirates,Sonepat
839,Patna Pirates,Telugu Titans,31.0,35.0,Telugu Titans,Pune
840,Patna Pirates,Jaipur Pink Panthers,41.0,30.0,Patna Pirates,Patna
841,Patna Pirates,U Mumba,39.0,40.0,U Mumba,Patna
842,Patna Pirates,Haryana Steelers,32.0,43.0,Haryana Steelers,Patna
843,Patna Pirates,Telugu Titans,32.0,53.0,Telugu Titans,Patna
844,Patna Pirates,Bengaluru Bulls,41.0,43.0,Bengaluru Bulls,Patna
845,Patna Pirates,Bengal Warriors,29.0,27.0,Patna Pirates,Patna
846,Patna Pirates,Bengal Warriors,50.0,30.0,Patna Pirates,Mumbai
847,Patna Pirates,Dabang Delhi,38.0,35.0,Patna Pirates,Mumbai
848,Patna Pirates,Tamil Thalaivas,45.0,27.0,Patna Pirates,Ahmedabad
849,Patna Pirates,Bengaluru Bulls,35.0,32.0,Patna Pirates,Pune
850,Patna Pirates,Tamil Thalaivas,35.0,35.0,TIE,Delhi
851,Patna Pirates,Gujarat Fortune Giants,27.0,45.0,Gujarat Fortune Giants,Delhi
852,Patna Pirates,Puneri Paltan,53.0,36.0,Patna Pirates,Vijag
853,Patna Pirates,Telugu Titans,36.0,41.0,Telugu Titans,Vijag
854,Patna Pirates,UP Yoddha,31.0,47.0,UP Yoddha,Panchkula
855,Patna Pirates,Bengaluru Bulls,40.0,40.0,TIE,Panchkula
856,Patna Pirates,Bengal Warriors,23.0,39.0,Bengal Warriors,Kolkata
857,Patna Pirates,Gujarat Fortune Giants,29.0,37.0,Gujarat Fortune Giants,Kolkata
858,Patna Pirates,Bengaluru Bulls,32.0,34.0,Bengaluru Bulls,Hyderabad
859,Patna Pirates,Telugu Titans,34.0,22.0,Patna Pirates,Hyderabad
860,Patna Pirates,Tamil Thalaivas,24.0,23.0,Patna Pirates,Mumbai
861,Patna Pirates,Jaipur Pink Panthers,21.0,34.0,Jaipur Pink Panthers,Patna
862,Patna Pirates,Puneri Paltan,20.0,41.0,Puneri Paltan,Patna
863,Patna Pirates,Haryana Steelers,26.0,35.0,Haryana Steelers,Patna
864,Patna Pirates,UP Yoddha,41.0,20.0,Patna Pirates,Patna
865,Patna Pirates,U Mumba,30.0,34.0,U Mumba,Ahmedabad
866,Patna Pirates,Bengal Warriors,26.0,35.0,Bengal Warriors,Chennai
867,Patna Pirates,Gujarat Fortune Giants,26.0,29.0,Gujarat Fortune Giants,Chennai
868,Patna Pirates,Dabang Delhi,35.0,38.0,Dabang Delhi,Delhi
869,Patna Pirates,Bengaluru Bulls,39.0,40.0,Bengaluru Bulls,Banglore
870,Patna Pirates,UP Yoddha,29.0,41.0,UP Yoddha,Banglore
871,Patna Pirates,Tamil Thalaivas,51.0,25.0,Patna Pirates,Kolkata
872,Patna Pirates,Jaipur Pink Panthers,36.0,33.0,Patna Pirates,Kolkata
873,Patna Pirates,Puneri Paltan,55.0,33.0,Patna Pirates,Pune
874,Patna Pirates,Telugu Titans,42.0,42.0,TIE,Pune
875,Patna Pirates,Haryana Steelers,34.0,39.0,Haryana Steelers,Jaipur
876,Gujarat Fortune Giants,Dabang Delhi,26.0,20.0,Gujarat Fortune Giants,Hyderabad
877,Gujarat Fortune Giants,Haryana Steelers,27.0,27.0,TIE,Hyderabad
878,Gujarat Fortune Giants,Haryana Steelers,20.0,32.0,Haryana Steelers,Nagpur
879,Gujarat Fortune Giants,U Mumba,39.0,21.0,Gujarat Fortune Giants,Ahmedabad
880,Gujarat Fortune Giants,Dabang Delhi,29.0,25.0,Gujarat Fortune Giants,Ahmedabad
881,Gujarat Fortune Giants,Jaipur Pink Panthers,27.0,20.0,Gujarat Fortune Giants,Ahmedabad
882,Gujarat Fortune Giants,Bengaluru Bulls,27.0,24.0,Gujarat Fortune Giants,Ahmedabad
883,Gujarat Fortune Giants,Telugu Titans,29.0,19.0,Gujarat Fortune Giants,Ahmedabad
884,Gujarat Fortune Giants,Bengal Warriors,26.0,26.0,TIE,Ahmedabad
885,Gujarat Fortune Giants,Puneri Paltan,35.0,21.0,Gujarat Fortune Giants,Lucknow
886,Gujarat Fortune Giants,U Mumba,0.0,0.0,TIE,Mumbai
887,Gujarat Fortune Giants,Haryana Steelers,36.0,42.0,Haryana Steelers,Kolkata
888,Gujarat Fortune Giants,Jaipur Pink Panthers,25.0,31.0,Jaipur Pink Panthers,Kolkata
889,Gujarat Fortune Giants,UP Yoddha,30.0,30.0,TIE,Sonepat
890,Gujarat Fortune Giants,U Mumba,39.0,28.0,Gujarat Fortune Giants,Ranchi
891,Gujarat Fortune Giants,U Mumba,45.0,23.0,Gujarat Fortune Giants,Ranchi
892,Gujarat Fortune Giants,Tamil Thalaivas,34.0,35.0,Tamil Thalaivas,Delhi
893,Gujarat Fortune Giants,Patna Pirates,30.0,29.0,Gujarat Fortune Giants,Chennai
894,Gujarat Fortune Giants,Dabang Delhi,42.0,22.0,Gujarat Fortune Giants,Chennai
895,Gujarat Fortune Giants,Jaipur Pink Panthers,29.0,23.0,Gujarat Fortune Giants,Jaipur
896,Gujarat Fortune Giants,Patna Pirates,33.0,29.0,Gujarat Fortune Giants,Jaipur
897,Gujarat Fortune Giants,Puneri Paltan,44.0,20.0,Gujarat Fortune Giants,Pune
898,Gujarat Fortune Giants,Puneri Paltan,23.0,22.0,Gujarat Fortune Giants,Pune
899,Gujarat Fortune Giants,Dabang Delhi,32.0,32.0,TIE,Chennai
900,Gujarat Fortune Giants,Haryana Steelers,25.0,36.0,Haryana Steelers,Sonepat
901,Gujarat Fortune Giants,Puneri Paltan,34.0,28.0,Gujarat Fortune Giants,Pune
902,Gujarat Fortune Giants,Tamil Thalaivas,36.0,25.0,Gujarat Fortune Giants,Patna
903,Gujarat Fortune Giants,Puneri Paltan,37.0,27.0,Gujarat Fortune Giants,Patna
904,Gujarat Fortune Giants,Jaipur Pink Panthers,36.0,25.0,Gujarat Fortune Giants,Greater Noida
905,Gujarat Fortune Giants,Dabang Delhi,45.0,38.0,Gujarat Fortune Giants,Greater Noida
906,Gujarat Fortune Giants,U Mumba,38.0,36.0,Gujarat Fortune Giants,Mumbai
907,Gujarat Fortune Giants,Bengal Warriors,35.0,23.0,Gujarat Fortune Giants,Ahmedabad
908,Gujarat Fortune Giants,Bengaluru Bulls,30.0,30.0,TIE,Ahmedabad
909,Gujarat Fortune Giants,UP Yoddha,37.0,32.0,Gujarat Fortune Giants,Ahmedabad
910,Gujarat Fortune Giants,Dabang Delhi,26.0,29.0,Dabang Delhi,Ahmedabad
911,Gujarat Fortune Giants,U Mumba,39.0,35.0,Gujarat Fortune Giants,Ahmedabad
912,Gujarat Fortune Giants,Haryana Steelers,40.0,31.0,Gujarat Fortune Giants,Ahmedabad
913,Gujarat Fortune Giants,Puneri Paltan,35.0,20.0,Gujarat Fortune Giants,Pune
914,Gujarat Fortune Giants,U Mumba,26.0,36.0,U Mumba,Delhi
915,Gujarat Fortune Giants,Patna Pirates,45.0,27.0,Gujarat Fortune Giants,Delhi
916,Gujarat Fortune Giants,Telugu Titans,29.0,27.0,Gujarat Fortune Giants,Vijag
917,Gujarat Fortune Giants,Haryana Steelers,47.0,37.0,Gujarat Fortune Giants,Vijag
918,Gujarat Fortune Giants,Jaipur Pink Panthers,34.0,29.0,Gujarat Fortune Giants,Panchkula
919,Gujarat Fortune Giants,Jaipur Pink Panthers,33.0,31.0,Gujarat Fortune Giants,Panchkula
920,Gujarat Fortune Giants,Patna Pirates,37.0,29.0,Gujarat Fortune Giants,Kolkata
921,Gujarat Fortune Giants,Bengaluru Bulls,42.0,24.0,Gujarat Fortune Giants,Hyderabad
922,Gujarat Fortune Giants,UP Yoddha,44.0,19.0,Gujarat Fortune Giants,Hyderabad
923,Gujarat Fortune Giants,Dabang Delhi,31.0,26.0,Gujarat Fortune Giants,Mumbai
924,Gujarat Fortune Giants,U Mumba,20.0,32.0,U Mumba,Mumbai
925,Gujarat Fortune Giants,Puneri Paltan,31.0,33.0,Puneri Paltan,Patna
926,Gujarat Fortune Giants,Tamil Thalaivas,28.0,34.0,Tamil Thalaivas,Ahmedabad
927,Gujarat Fortune Giants,Telugu Titans,24.0,30.0,Telugu Titans,Ahmedabad
928,Gujarat Fortune Giants,Bengal Warriors,26.0,28.0,Bengal Warriors,Ahmedabad
929,Gujarat Fortune Giants,Jaipur Pink Panthers,19.0,22.0,Jaipur Pink Panthers,Ahmedabad
930,Gujarat Fortune Giants,Patna Pirates,29.0,26.0,Gujarat Fortune Giants,Chennai
931,Gujarat Fortune Giants,Haryana Steelers,25.0,41.0,Haryana Steelers,Delhi
932,Gujarat Fortune Giants,Bengaluru Bulls,32.0,23.0,Gujarat Fortune Giants,Banglore
933,Gujarat Fortune Giants,Bengal Warriors,25.0,25.0,TIE,Kolkata
934,Gujarat Fortune Giants,UP Yoddha,26.0,33.0,UP Yoddha,Kolkata
935,Gujarat Fortune Giants,Puneri Paltan,33.0,43.0,Puneri Paltan,Pune
936,Gujarat Fortune Giants,Dabang Delhi,30.0,34.0,Dabang Delhi,Pune
937,Gujarat Fortune Giants,Jaipur Pink Panthers,28.0,28.0,TIE,Jaipur
938,Gujarat Fortune Giants,U Mumba,25.0,31.0,U Mumba,Jaipur
939,Haryana Steelers,U Mumba,28.0,29.0,U Mumba,Hyderabad
940,Haryana Steelers,Gujarat Fortune Giants,27.0,27.0,TIE,Hyderabad
941,Haryana Steelers,Gujarat Fortune Giants,32.0,20.0,Haryana Steelers,Nagpur
942,Haryana Steelers,Tamil Thalaivas,25.0,25.0,TIE,Ahmedabad
943,Haryana Steelers,UP Yoddha,36.0,29.0,Haryana Steelers,Lucknow
944,Haryana Steelers,Dabang Delhi,27.0,25.0,Haryana Steelers,Lucknow
945,Haryana Steelers,U Mumba,32.0,38.0,U Mumba,Mumbai
946,Haryana Steelers,Gujarat Fortune Giants,42.0,36.0,Haryana Steelers,Kolkata
947,Haryana Steelers,Bengal Warriors,36.0,29.0,Haryana Steelers,Kolkata
948,Haryana Steelers,Patna Pirates,41.0,41.0,TIE,Sonepat
949,Haryana Steelers,Bengaluru Bulls,38.0,31.0,Haryana Steelers,Sonepat
950,Haryana Steelers,Telugu Titans,19.0,37.0,Telugu Titans,Sonepat
951,Haryana Steelers,Dabang Delhi,27.0,24.0,Haryana Steelers,Sonepat
952,Haryana Steelers,Puneri Paltan,22.0,38.0,Puneri Paltan,Sonepat
953,Haryana Steelers,Jaipur Pink Panthers,27.0,27.0,TIE,Sonepat
954,Haryana Steelers,Puneri Paltan,25.0,37.0,Puneri Paltan,Ranchi
955,Haryana Steelers,Jaipur Pink Panthers,30.0,26.0,Haryana Steelers,Ranchi
956,Haryana Steelers,Dabang Delhi,42.0,24.0,Haryana Steelers,Delhi
957,Haryana Steelers,U Mumba,41.0,30.0,Haryana Steelers,Chennai
958,Haryana Steelers,Telugu Titans,32.0,30.0,Haryana Steelers,Jaipur
959,Haryana Steelers,Jaipur Pink Panthers,37.0,27.0,Haryana Steelers,Jaipur
960,Haryana Steelers,Puneri Paltan,31.0,27.0,Haryana Steelers,Pune
961,Haryana Steelers,Puneri Paltan,22.0,34.0,Puneri Paltan,Chennai
962,Haryana Steelers,Gujarat Fortune Giants,36.0,25.0,Haryana Steelers,Sonepat
963,Haryana Steelers,U Mumba,26.0,53.0,U Mumba,Sonepat
964,Haryana Steelers,Puneri Paltan,27.0,45.0,Puneri Paltan,Sonepat
965,Haryana Steelers,Jaipur Pink Panthers,33.0,36.0,Jaipur Pink Panthers,Sonepat
966,Haryana Steelers,U Mumba,32.0,42.0,U Mumba,Sonepat
967,Haryana Steelers,Dabang Delhi,34.0,31.0,Haryana Steelers,Sonepat
968,Haryana Steelers,Bengaluru Bulls,34.0,42.0,Bengaluru Bulls,Pune
969,Haryana Steelers,Patna Pirates,43.0,32.0,Haryana Steelers,Patna
970,Haryana Steelers,Jaipur Pink Panthers,32.0,38.0,Jaipur Pink Panthers,Greater Noida
971,Haryana Steelers,Dabang Delhi,33.0,39.0,Dabang Delhi,Greater Noida
972,Haryana Steelers,U Mumba,35.0,31.0,Haryana Steelers,Mumbai
973,Haryana Steelers,Tamil Thalaivas,32.0,32.0,TIE,Mumbai
974,Haryana Steelers,Gujarat Fortune Giants,31.0,40.0,Gujarat Fortune Giants,Ahmedabad
975,Haryana Steelers,Dabang Delhi,34.0,27.0,Haryana Steelers,Pune
976,Haryana Steelers,Puneri Paltan,33.0,35.0,Puneri Paltan,Pune
977,Haryana Steelers,Bengal Warriors,35.0,33.0,Haryana Steelers,Delhi
978,Haryana Steelers,UP Yoddha,29.0,30.0,UP Yoddha,Delhi
979,Haryana Steelers,Telugu Titans,31.0,35.0,Telugu Titans,Vijag
980,Haryana Steelers,Gujarat Fortune Giants,37.0,47.0,Gujarat Fortune Giants,Vijag
981,Haryana Steelers,Jaipur Pink Panthers,30.0,39.0,Jaipur Pink Panthers,Panchkula
982,Haryana Steelers,Tamil Thalaivas,40.0,40.0,TIE,Kolkata
983,Haryana Steelers,Puneri Paltan,34.0,24.0,Haryana Steelers,Hyderabad
984,Haryana Steelers,Dabang Delhi,21.0,41.0,Dabang Delhi,Mumbai
985,Haryana Steelers,Jaipur Pink Panthers,21.0,37.0,Jaipur Pink Panthers,Mumbai
986,Haryana Steelers,Tamil Thalaivas,28.0,35.0,Tamil Thalaivas,Patna
987,Haryana Steelers,Patna Pirates,35.0,26.0,Haryana Steelers,Patna
988,Haryana Steelers,Bengaluru Bulls,33.0,30.0,Haryana Steelers,Ahmedabad
989,Haryana Steelers,UP Yoddha,36.0,33.0,Haryana Steelers,Ahmedabad
990,Haryana Steelers,Telugu Titans,29.0,40.0,Telugu Titans,Chennai
991,Haryana Steelers,U Mumba,30.0,27.0,Haryana Steelers,Chennai
992,Haryana Steelers,Bengal Warriors,36.0,33.0,Haryana Steelers,Delhi
993,Haryana Steelers,Gujarat Fortune Giants,41.0,25.0,Haryana Steelers,Delhi
994,Haryana Steelers,Puneri Paltan,41.0,27.0,Haryana Steelers,Banglore
995,Haryana Steelers,Dabang Delhi,47.0,25.0,Haryana Steelers,Kolkata
996,Haryana Steelers,Jaipur Pink Panthers,32.0,32.0,TIE,Kolkata
997,Haryana Steelers,Tamil Thalaivas,43.0,35.0,Haryana Steelers,Pune
998,Haryana Steelers,Bengal Warriors,36.0,48.0,Bengal Warriors,Pune
999,Haryana Steelers,Patna Pirates,39.0,34.0,Haryana Steelers,Jaipur
1000,UP Yoddha,Telugu Titans,31.0,18.0,UP Yoddha,Hyderabad
1001,UP Yoddha,Bengaluru Bulls,32.0,27.0,UP Yoddha,Nagpur
1002,UP Yoddha,Bengal Warriors,20.0,40.0,Bengal Warriors,Nagpur
1003,UP Yoddha,Telugu Titans,39.0,32.0,UP Yoddha,Ahmedabad
1004,UP Yoddha,Patna Pirates,27.0,27.0,TIE,Ahmedabad
1005,UP Yoddha,U Mumba,34.0,37.0,U Mumba,Lucknow
1006,UP Yoddha,Haryana Steelers,29.0,36.0,Haryana Steelers,Lucknow
1007,UP Yoddha,Jaipur Pink Panthers,22.0,24.0,Jaipur Pink Panthers,Lucknow
1008,UP Yoddha,Bengal Warriors,31.0,32.0,Bengal Warriors,Lucknow
1009,UP Yoddha,Tamil Thalaivas,33.0,33.0,TIE,Lucknow
1010,UP Yoddha,Telugu Titans,25.0,23.0,UP Yoddha,Lucknow
1011,UP Yoddha,Bengaluru Bulls,0.0,0.0,TIE,Mumbai
1012,UP Yoddha,Bengal Warriors,26.0,26.0,TIE,Kolkata
1013,UP Yoddha,Gujarat Fortune Giants,30.0,30.0,TIE,Sonepat
1014,UP Yoddha,Tamil Thalaivas,33.0,34.0,Tamil Thalaivas,Sonepat
1015,UP Yoddha,Patna Pirates,42.0,45.0,Patna Pirates,Ranchi
1016,UP Yoddha,Patna Pirates,46.0,41.0,UP Yoddha,Ranchi
1017,UP Yoddha,Dabang Delhi,45.0,16.0,UP Yoddha,Delhi
1018,UP Yoddha,Puneri Paltan,33.0,34.0,Puneri Paltan,Chennai
1019,UP Yoddha,Tamil Thalaivas,37.0,33.0,UP Yoddha,Chennai
1020,UP Yoddha,Jaipur Pink Panthers,53.0,32.0,UP Yoddha,Jaipur
1021,UP Yoddha,Bengaluru Bulls,32.0,38.0,Bengaluru Bulls,Pune
1022,UP Yoddha,Bengaluru Bulls,24.0,64.0,Bengaluru Bulls,Pune
1023,UP Yoddha,Tamil Thalaivas,37.0,32.0,UP Yoddha,Chennai
1024,UP Yoddha,Patna Pirates,41.0,43.0,Patna Pirates,Chennai
1025,UP Yoddha,Telugu Titans,29.0,34.0,Telugu Titans,Sonepat
1026,UP Yoddha,Patna Pirates,37.0,43.0,Patna Pirates,Sonepat
1027,UP Yoddha,Bengal Warriors,40.0,40.0,TIE,Pune
1028,UP Yoddha,Puneri Paltan,29.0,23.0,UP Yoddha,Pune
1029,UP Yoddha,Dabang Delhi,38.0,36.0,UP Yoddha,Patna
1030,UP Yoddha,Tamil Thalaivas,24.0,46.0,Tamil Thalaivas,Greater Noida
1031,UP Yoddha,Bengaluru Bulls,29.0,35.0,Bengaluru Bulls,Greater Noida
1032,UP Yoddha,Bengal Warriors,30.0,30.0,TIE,Greater Noida
1033,UP Yoddha,Telugu Titans,26.0,26.0,TIE,Greater Noida
1034,UP Yoddha,Bengaluru Bulls,27.0,37.0,Bengaluru Bulls,Greater Noida
1035,UP Yoddha,U Mumba,24.0,41.0,U Mumba,Mumbai
1036,UP Yoddha,Jaipur Pink Panthers,28.0,45.0,Jaipur Pink Panthers,Ahmedabad
1037,UP Yoddha,Gujarat Fortune Giants,32.0,37.0,Gujarat Fortune Giants,Ahmedabad
1038,UP Yoddha,Bengaluru Bulls,27.0,37.0,Bengaluru Bulls,Pune
1039,UP Yoddha,Haryana Steelers,30.0,29.0,UP Yoddha,Delhi
1040,UP Yoddha,Telugu Titans,27.0,20.0,UP Yoddha,Vijag
1041,UP Yoddha,Tamil Thalaivas,25.0,25.0,TIE,Panchkula
1042,UP Yoddha,Patna Pirates,47.0,31.0,UP Yoddha,Panchkula
1043,UP Yoddha,U Mumba,34.0,32.0,UP Yoddha,Kolkata
1044,UP Yoddha,Bengal Warriors,41.0,25.0,UP Yoddha,Kolkata
1045,UP Yoddha,Bengal Warriors,17.0,48.0,Bengal Warriors,Hyderabad
1046,UP Yoddha,Gujarat Fortune Giants,19.0,44.0,Gujarat Fortune Giants,Hyderabad
1047,UP Yoddha,U Mumba,27.0,23.0,UP Yoddha,Mumbai
1048,UP Yoddha,Telugu Titans,20.0,20.0,TIE,Mumbai
1049,UP Yoddha,Tamil Thalaivas,28.0,28.0,TIE,Patna
1050,UP Yoddha,Patna Pirates,20.0,41.0,Patna Pirates,Patna
1051,UP Yoddha,Bengaluru Bulls,35.0,33.0,UP Yoddha,Ahmedabad
1052,UP Yoddha,Haryana Steelers,33.0,36.0,Haryana Steelers,Ahmedabad
1053,UP Yoddha,Jaipur Pink Panthers,31.0,24.0,UP Yoddha,Chennai
1054,UP Yoddha,Dabang Delhi,27.0,36.0,Dabang Delhi,Delhi
1055,UP Yoddha,Puneri Paltan,35.0,30.0,UP Yoddha,Delhi
1056,UP Yoddha,Bengal Warriors,32.0,29.0,UP Yoddha,Banglore
1057,UP Yoddha,Patna Pirates,41.0,29.0,UP Yoddha,Banglore
1058,UP Yoddha,Gujarat Fortune Giants,33.0,26.0,UP Yoddha,Kolkata
1059,UP Yoddha,Jaipur Pink Panthers,38.0,32.0,UP Yoddha,Pune
1060,UP Yoddha,U Mumba,36.0,39.0,U Mumba,Pune
1061,UP Yoddha,Tamil Thalaivas,42.0,22.0,UP Yoddha,Jaipur
1062,Tamil Thalaivas,Telugu Titans,27.0,32.0,Telugu Titans,Hyderabad
1063,Tamil Thalaivas,Bengaluru Bulls,31.0,32.0,Bengaluru Bulls,Nagpur
1064,Tamil Thalaivas,Bengaluru Bulls,29.0,24.0,Tamil Thalaivas,Nagpur
1065,Tamil Thalaivas,Haryana Steelers,25.0,25.0,TIE,Ahmedabad
1066,Tamil Thalaivas,Dabang Delhi,29.0,30.0,Dabang Delhi,Ahmedabad
1067,Tamil Thalaivas,UP Yoddha,33.0,33.0,TIE,Lucknow
1068,Tamil Thalaivas,Patna Pirates,24.0,35.0,Patna Pirates,Mumbai
1069,Tamil Thalaivas,Telugu Titans,28.0,33.0,Telugu Titans,Mumbai
1070,Tamil Thalaivas,Bengal Warriors,25.0,29.0,Bengal Warriors,Kolkata
1071,Tamil Thalaivas,UP Yoddha,34.0,33.0,Tamil Thalaivas,Sonepat
1072,Tamil Thalaivas,Patna Pirates,39.0,41.0,Patna Pirates,Ranchi
1073,Tamil Thalaivas,Bengal Warriors,33.0,32.0,Tamil Thalaivas,Delhi
1074,Tamil Thalaivas,Gujarat Fortune Giants,35.0,34.0,Tamil Thalaivas,Delhi
1075,Tamil Thalaivas,Puneri Paltan,20.0,33.0,Puneri Paltan,Chennai
1076,Tamil Thalaivas,Jaipur Pink Panthers,26.0,27.0,Jaipur Pink Panthers,Chennai
1077,Tamil Thalaivas,U Mumba,30.0,33.0,U Mumba,Chennai
1078,Tamil Thalaivas,Telugu Titans,37.0,58.0,Telugu Titans,Chennai
1079,Tamil Thalaivas,UP Yoddha,33.0,37.0,UP Yoddha,Chennai
1080,Tamil Thalaivas,Bengaluru Bulls,35.0,45.0,Bengaluru Bulls,Chennai
1081,Tamil Thalaivas,U Mumba,38.0,35.0,Tamil Thalaivas,Jaipur
1082,Tamil Thalaivas,Bengal Warriors,30.0,34.0,Bengal Warriors,Pune
1083,Tamil Thalaivas,Patna Pirates,40.0,37.0,Tamil Thalaivas,Pune
1084,Tamil Thalaivas,Patna Pirates,42.0,26.0,Tamil Thalaivas,Chennai
1085,Tamil Thalaivas,UP Yoddha,32.0,37.0,UP Yoddha,Chennai
1086,Tamil Thalaivas,Telugu Titans,28.0,33.0,Telugu Titans,Chennai
1087,Tamil Thalaivas,Bengaluru Bulls,37.0,48.0,Bengaluru Bulls,Chennai
1088,Tamil Thalaivas,Bengal Warriors,27.0,36.0,Bengal Warriors,Chennai
1089,Tamil Thalaivas,Bengaluru Bulls,35.0,44.0,Bengaluru Bulls,Sonepat
1090,Tamil Thalaivas,Puneri Paltan,36.0,31.0,Tamil Thalaivas,Pune
1091,Tamil Thalaivas,Gujarat Fortune Giants,25.0,36.0,Gujarat Fortune Giants,Patna
1092,Tamil Thalaivas,UP Yoddha,46.0,24.0,Tamil Thalaivas,Greater Noida
1093,Tamil Thalaivas,Haryana Steelers,32.0,32.0,TIE,Mumbai
1094,Tamil Thalaivas,U Mumba,22.0,36.0,U Mumba,Mumbai
1095,Tamil Thalaivas,Telugu Titans,27.0,23.0,Tamil Thalaivas,Ahmedabad
1096,Tamil Thalaivas,Patna Pirates,27.0,45.0,Patna Pirates,Ahmedabad
1097,Tamil Thalaivas,Bengaluru Bulls,22.0,36.0,Bengaluru Bulls,Pune
1098,Tamil Thalaivas,Telugu Titans,31.0,25.0,Tamil Thalaivas,Pune
1099,Tamil Thalaivas,Patna Pirates,35.0,35.0,TIE,Delhi
1100,Tamil Thalaivas,Dabang Delhi,33.0,37.0,Dabang Delhi,Delhi
1101,Tamil Thalaivas,Jaipur Pink Panthers,24.0,37.0,Jaipur Pink Panthers,Vijag
1102,Tamil Thalaivas,Bengal Warriors,21.0,28.0,Bengal Warriors,Panchkula
1103,Tamil Thalaivas,UP Yoddha,25.0,25.0,TIE,Panchkula
1104,Tamil Thalaivas,Bengal Warriors,24.0,27.0,Bengal Warriors,Kolkata
1105,Tamil Thalaivas,Haryana Steelers,40.0,40.0,TIE,Kolkata
1106,Tamil Thalaivas,Telugu Titans,39.0,26.0,Tamil Thalaivas,Hyderabad
1107,Tamil Thalaivas,Dabang Delhi,29.0,30.0,Dabang Delhi,Hyderabad
1108,Tamil Thalaivas,Patna Pirates,23.0,24.0,Patna Pirates,Mumbai
1109,Tamil Thalaivas,Haryana Steelers,35.0,28.0,Tamil Thalaivas,Patna
1110,Tamil Thalaivas,UP Yoddha,28.0,28.0,TIE,Patna
1111,Tamil Thalaivas,Gujarat Fortune Giants,34.0,28.0,Tamil Thalaivas,Ahmedabad
1112,Tamil Thalaivas,Bengaluru Bulls,21.0,32.0,Bengaluru Bulls,Chennai
1113,Tamil Thalaivas,Puneri Paltan,31.0,31.0,TIE,Chennai
1114,Tamil Thalaivas,Jaipur Pink Panthers,26.0,28.0,Jaipur Pink Panthers,Chennai
1115,Tamil Thalaivas,U Mumba,24.0,29.0,U Mumba,Chennai
1116,Tamil Thalaivas,Bengal Warriors,26.0,35.0,Bengal Warriors,Delhi
1117,Tamil Thalaivas,Bengaluru Bulls,27.0,33.0,Bengaluru Bulls,Banglore
1118,Tamil Thalaivas,Telugu Titans,30.0,35.0,Telugu Titans,Banglore
1119,Tamil Thalaivas,Dabang Delhi,34.0,50.0,Dabang Delhi,Kolkata
1120,Tamil Thalaivas,Patna Pirates,25.0,51.0,Patna Pirates,Kolkata
1121,Tamil Thalaivas,Haryana Steelers,35.0,43.0,Haryana Steelers,Pune
1122,Tamil Thalaivas,Puneri Paltan,36.0,36.0,TIE,Pune
1123,Tamil Thalaivas,UP Yoddha,22.0,42.0,UP Yoddha,Jaipur
