,Team,Opposition,Team Score,Opposition Score,Winner,Venue 
0,U Mumba,Jaipur Pink Panthers,45.0,31.0,U Mumba,Mumbai
1,U Mumba,Bengal Warriors,36.0,25.0,U Mumba,Mumbai
2,U Mumba,Telugu Titans,35.0,35.0,Telugu Titans,Mumbai
3,U Mumba,Patna Pirates,36.0,33.0,U Mumba,Mumbai
4,U Mumba,Bengal Warriors,39.0,29.0,U Mumba,Kolkata
5,U Mumba,Puneri Paltan,44.0,28.0,U Mumba,Delhi
6,U Mumba,Bengaluru Bulls,45.0,34.0,U Mumba,Delhi
7,U Mumba,Patna Pirates,37.0,37.0,U Mumba,Patna
8,U Mumba,Bengaluru Bulls,30.0,33.0,Bengaluru Bulls,Pune
9,U Mumba,Dabang Delhi,27.0,36.0,Dabang Delhi,Pune
10,U Mumba,Telugu Titans,43.0,44.0,Telugu Titans,Vizag
11,U Mumba,Jaipur Pink Panthers,31.0,31.0,U Mumba,Jaipur
12,U Mumba,Dabang Delhi,37.0,30.0,U Mumba,Banglore
13,U Mumba,Puneri Paltan,36.0,35.0,U Mumba,Banglore
14,U Mumba,Jaipur Pink Panthers,29.0,28.0,U Mumba,Mumbai
15,U Mumba,Bengaluru Bulls,36.0,23.0,U Mumba,Mumbai
16,U Mumba,Patna Pirates,25.0,20.0,U Mumba,Mumbai
17,U Mumba,Puneri Paltan,28.0,21.0,U Mumba,Mumbai
18,U Mumba,Bengal Warriors,29.0,25.0,U Mumba,Kolkata
19,U Mumba,Telugu Titans,27.0,26.0,U Mumba,Jaipur
20,U Mumba,Dabang Delhi,27.0,22.0,U Mumba,Patna
21,U Mumba,Dabang Delhi,29.0,24.0,U Mumba,Hyderabad
22,U Mumba,Jaipur Pink Panthers,25.0,35.0,Jaipur Pink Panthers,Hyderabad
23,U Mumba,Bengal Warriors,31.0,17.0,U Mumba,Delhi
24,U Mumba,Bengaluru Bulls,36.0,29.0,U Mumba,Banglore
25,U Mumba,Patna Pirates,32.0,27.0,U Mumba,Banglore
26,U Mumba,Puneri Paltan,39.0,34.0,U Mumba,Pune
27,U Mumba,Telugu Titans,25.0,46.0,Telugu Titans,Pune
28,U Mumba,Telugu Titans,27.0,25.0,U Mumba,Vizag
29,U Mumba,Jaipur Pink Panthers,18.0,27.0,Jaipur Pink Panthers,Vizag
30,U Mumba,Dabang Delhi,30.0,17.0,U Mumba,Banglore
31,U Mumba,Patna Pirates,26.0,40.0,Patna Pirates,Banglore
32,U Mumba,Bengaluru Bulls,29.0,28.0,U Mumba,Kolkata
33,U Mumba,Puneri Paltan,29.0,27.0,U Mumba,Pune
34,U Mumba,Bengal Warriors,32.0,21.0,U Mumba,Pune
35,U Mumba,Patna Pirates,34.0,28.0,U Mumba,Patna
36,U Mumba,Bengal Warriors,30.0,17.0,U Mumba,Jaipur
37,U Mumba,Bengaluru Bulls,39.0,18.0,U Mumba,Delhi
38,U Mumba,Jaipur Pink Panthers,35.0,21.0,U Mumba,Mumbai
39,U Mumba,Puneri Paltan,30.0,27.0,U Mumba,Mumbai
40,U Mumba,Telugu Titans,38.0,22.0,U Mumba,Mumbai
41,U Mumba,Dabang Delhi,36.0,20.0,U Mumba,Mumbai
42,U Mumba,Jaipur Pink Panthers,36.0,34.0,U Mumba,Pune
43,U Mumba,Puneri Paltan,19.0,41.0,Puneri Paltan,Pune
44,U Mumba,Puneri Paltan,34.0,36.0,Puneri Paltan,Jaipur
45,U Mumba,Dabang Delhi,27.0,25.0,U Mumba,Jaipur
46,U Mumba,Bengal Warriors,26.0,18.0,U Mumba,Hyderabad
47,U Mumba,Telugu Titans,30.0,35.0,Telugu Titans,Hyderabad
48,U Mumba,Bengaluru Bulls,24.0,23.0,U Mumba,Patna
49,U Mumba,Puneri Paltan,21.0,33.0,Puneri Paltan,Hyderabad
50,U Mumba,Haryana Steelers,29.0,28.0,U Mumba,Hyderabad
51,U Mumba,Dabang Delhi,36.0,22.0,U Mumba,Nagpur
52,U Mumba,Gujarat Fortune Giants,21.0,39.0,Gujarat Fortune Giants,Ahmedabad
53,U Mumba,UP Yoddha,37.0,34.0,U Mumba,Lucknow
54,U Mumba,Telugu Titans,32.0,37.0,Telugu Titans,Lucknow
55,U Mumba,Jaipur Pink Panthers,36.0,39.0,Jaipur Pink Panthers,Mumbai
56,U Mumba,Puneri Paltan,24.0,26.0,Puneri Paltan,Mumbai
57,U Mumba,Dabang Delhi,32.0,33.0,Dabang Delhi,Mumbai
58,U Mumba,Gujarat Fortune Giants,0.0,0.0,TIE,Mumbai
59,U Mumba,Haryana Steelers,38.0,32.0,U Mumba,Mumbai
60,U Mumba,Jaipur Pink Panthers,36.0,32.0,U Mumba,Mumbai
61,U Mumba,Bengal Warriors,37.0,31.0,U Mumba,Kolkata
62,U Mumba,Patna Pirates,51.0,41.0,U Mumba,Sonepat
63,U Mumba,Gujarat Fortune Giants,28.0,39.0,Gujarat Fortune Giants,Ranchi
64,U Mumba,Gujarat Fortune Giants,23.0,45.0,Gujarat Fortune Giants,Ranchi
65,U Mumba,Dabang Delhi,30.0,28.0,U Mumba,Delhi
66,U Mumba,Bengaluru Bulls,42.0,30.0,U Mumba,Delhi
67,U Mumba,Tamil Thalaivas,33.0,30.0,U Mumba,Chennai
68,U Mumba,Haryana Steelers,30.0,41.0,Haryana Steelers,Chennai
69,U Mumba,Jaipur Pink Panthers,32.0,36.0,Jaipur Pink Panthers,Jaipur
70,U Mumba,Tamil Thalaivas,35.0,38.0,Tamil Thalaivas,Jaipur
71,U Mumba,Puneri Paltan,24.0,43.0,Puneri Paltan,Pune
72,U Mumba,Puneri Paltan,32.0,32.0,TIE,Chennai
73,U Mumba,Jaipur Pink Panthers,39.0,32.0,U Mumba,Chennai
74,U Mumba,Haryana Steelers,53.0,26.0,U Mumba,Sonepat
75,U Mumba,Haryana Steelers,42.0,32.0,U Mumba,Sonepat
76,U Mumba,Puneri Paltan,32.0,33.0,Puneri Paltan,Pune
77,U Mumba,Telugu Titans,41.0,20.0,U Mumba,Pune
78,U Mumba,Patna Pirates,40.0,39.0,U Mumba,Patna
79,U Mumba,Puneri Paltan,31.0,22.0,U Mumba,Greater Noida
80,U Mumba,Jaipur Pink Panthers,48.0,24.0,U Mumba,Mumbai
81,U Mumba,Gujarat Fortune Giants,36.0,38.0,Gujarat Fortune Giants,Mumbai
82,U Mumba,Haryana Steelers,31.0,35.0,Haryana Steelers,Mumbai
83,U Mumba,UP Yoddha,41.0,24.0,U Mumba,Mumbai
84,U Mumba,Bengaluru Bulls,32.0,29.0,U Mumba,Mumbai
85,U Mumba,Tamil Thalaivas,36.0,22.0,U Mumba,Mumbai
86,U Mumba,Gujarat Fortune Giants,35.0,39.0,Gujarat Fortune Giants,Ahmedabad
87,U Mumba,Dabang Delhi,39.0,23.0,U Mumba,Pune
88,U Mumba,Dabang Delhi,41.0,34.0,U Mumba,Delhi
89,U Mumba,Gujarat Fortune Giants,36.0,26.0,U Mumba,Delhi
90,U Mumba,Bengal Warriors,31.0,20.0,U Mumba,Vijag
91,U Mumba,Dabang Delhi,44.0,19.0,U Mumba,Vijag
92,U Mumba,Jaipur Pink Panthers,35.0,35.0,TIE,Panchkula
93,U Mumba,UP Yoddha,32.0,34.0,UP Yoddha,Kolkata
94,U Mumba,Telugu Titans,31.0,25.0,U Mumba,Hyderabad
95,U Mumba,Jaipur Pink Panthers,23.0,42.0,Jaipur Pink Panthers,Hyderabad
96,U Mumba,Puneri Paltan,33.0,23.0,U Mumba,Mumbai
97,U Mumba,Bengaluru Bulls,26.0,30.0,Bengaluru Bulls,Mumbai
98,U Mumba,UP Yoddha,23.0,27.0,UP Yoddha,Mumbai
99,U Mumba,Gujarat Fortune Giants,32.0,20.0,U Mumba,Mumbai
100,U Mumba,Bengal Warriors,30.0,32.0,Bengal Warriors,Patna
101,U Mumba,Patna Pirates,34.0,30.0,U Mumba,Ahmedabad
102,U Mumba,Haryana Steelers,27.0,30.0,Haryana Steelers,Chennai
103,U Mumba,Tamil Thalaivas,29.0,24.0,U Mumba,Chennai
104,U Mumba,Dabang Delhi,24.0,40.0,Dabang Delhi,Delhi
105,U Mumba,Jaipur Pink Panthers,47.0,21.0,U Mumba,Banglore
106,U Mumba,Puneri Paltan,33.0,33.0,TIE,Banglore
107,U Mumba,Bengal Warriors,26.0,29.0,Bengal Warriors,Kolkata
108,U Mumba,Telugu Titans,41.0,27.0,U Mumba,Kolkata
109,U Mumba,UP Yoddha,39.0,36.0,U Mumba,Pune
110,U Mumba,Gujarat Fortune Giants,31.0,25.0,U Mumba,Jaipur
