,Team,Opposition,Team Score,Opposition Score,Winner,Venue 
0,Telugu Titans,U Mumba,35.0,35.0,Telugu Titans,Mumbai
1,Telugu Titans,Jaipur Pink Panthers,32.0,46.0,Jaipur Pink Panthers,Kolkata
2,Telugu Titans,Patna Pirates,35.0,38.0,Patna Pirates,Kolkata
3,Telugu Titans,Dabang Delhi,39.0,35.0,Telugu Titans,Delhi
4,Telugu Titans,Bengal Warriors,35.0,40.0,Bengal Warriors,Patna
5,Telugu Titans,Jaipur Pink Panthers,29.0,49.0,Jaipur Pink Panthers,Patna
6,Telugu Titans,Puneri Paltan,42.0,36.0,Telugu Titans,Pune
7,Telugu Titans,Bengaluru Bulls,28.0,28.0,Bengaluru Bulls,Vizag
8,Telugu Titans,U Mumba,44.0,43.0,Telugu Titans,Vizag
9,Telugu Titans,Puneri Paltan,60.0,24.0,Telugu Titans,Vizag
10,Telugu Titans,Dabang Delhi,45.0,26.0,Telugu Titans,Vizag
11,Telugu Titans,Bengal Warriors,34.0,34.0,Bengal Warriors,Jaipur
12,Telugu Titans,Patna Pirates,32.0,29.0,Telugu Titans,Jaipur
13,Telugu Titans,Bengaluru Bulls,26.0,27.0,Bengaluru Bulls,Banglore
14,Telugu Titans,Dabang Delhi,36.0,27.0,Telugu Titans,Mumbai
15,Telugu Titans,Puneri Paltan,45.0,24.0,Telugu Titans,Mumbai
16,Telugu Titans,Bengal Warriors,32.0,30.0,Telugu Titans,Kolkata
17,Telugu Titans,U Mumba,26.0,27.0,U Mumba,Jaipur
18,Telugu Titans,Jaipur Pink Panthers,33.0,22.0,Telugu Titans,Jaipur
19,Telugu Titans,Patna Pirates,34.0,22.0,Telugu Titans,Patna
20,Telugu Titans,Bengaluru Bulls,21.0,35.0,Bengaluru Bulls,Patna
21,Telugu Titans,Jaipur Pink Panthers,39.0,39.0,TIE,Hyderabad
22,Telugu Titans,Bengal Warriors,44.0,28.0,Telugu Titans,Hyderabad
23,Telugu Titans,Patna Pirates,54.0,32.0,Telugu Titans,Hyderabad
24,Telugu Titans,Puneri Paltan,29.0,29.0,TIE,Hyderabad
25,Telugu Titans,Dabang Delhi,45.0,45.0,TIE,Delhi
26,Telugu Titans,Bengaluru Bulls,29.0,43.0,Bengaluru Bulls,Banglore
27,Telugu Titans,U Mumba,46.0,25.0,Telugu Titans,Pune
28,Telugu Titans,U Mumba,25.0,27.0,U Mumba,Vizag
29,Telugu Titans,Puneri Paltan,27.0,26.0,Telugu Titans,Vizag
30,Telugu Titans,Dabang Delhi,45.0,34.0,Telugu Titans,Vizag
31,Telugu Titans,Bengal Warriors,17.0,25.0,Bengal Warriors,Vizag
32,Telugu Titans,Bengaluru Bulls,35.0,26.0,Telugu Titans,Banglore
33,Telugu Titans,Patna Pirates,25.0,29.0,Patna Pirates,Kolkata
34,Telugu Titans,Jaipur Pink Panthers,27.0,25.0,Telugu Titans,Pune
35,Telugu Titans,Jaipur Pink Panthers,26.0,35.0,Jaipur Pink Panthers,Patna
36,Telugu Titans,Bengal Warriors,28.0,32.0,Bengal Warriors,Patna
37,Telugu Titans,Bengaluru Bulls,40.0,22.0,Telugu Titans,Jaipur
38,Telugu Titans,Dabang Delhi,44.0,36.0,Telugu Titans,Delhi
39,Telugu Titans,Puneri Paltan,24.0,41.0,Puneri Paltan,Delhi
40,Telugu Titans,Patna Pirates,42.0,41.0,Telugu Titans,Mumbai
41,Telugu Titans,U Mumba,22.0,38.0,U Mumba,Mumbai
42,Telugu Titans,Puneri Paltan,24.0,28.0,Puneri Paltan,Pune
43,Telugu Titans,Jaipur Pink Panthers,24.0,28.0,Jaipur Pink Panthers,Jaipur
44,Telugu Titans,Patna Pirates,33.0,35.0,Patna Pirates,Hyderabad
45,Telugu Titans,Bengal Warriors,35.0,18.0,Telugu Titans,Hyderabad
46,Telugu Titans,Bengaluru Bulls,28.0,30.0,Bengaluru Bulls,Hyderabad
47,Telugu Titans,U Mumba,35.0,30.0,Telugu Titans,Hyderabad
48,Telugu Titans,Tamil Thalaivas,32.0,27.0,Telugu Titans,Hyderabad
49,Telugu Titans,Patna Pirates,29.0,35.0,Patna Pirates,Hyderabad
50,Telugu Titans,Bengaluru Bulls,21.0,31.0,Bengaluru Bulls,Hyderabad
51,Telugu Titans,UP Yoddha,18.0,31.0,UP Yoddha,Hyderabad
52,Telugu Titans,Bengal Warriors,24.0,30.0,Bengal Warriors,Hyderabad
53,Telugu Titans,Patna Pirates,36.0,43.0,Patna Pirates,Hyderabad
54,Telugu Titans,Bengaluru Bulls,21.0,21.0,TIE,Nagpur
55,Telugu Titans,UP Yoddha,32.0,39.0,UP Yoddha,Ahmedabad
56,Telugu Titans,Gujarat Fortune Giants,19.0,29.0,Gujarat Fortune Giants,Ahmedabad
57,Telugu Titans,U Mumba,37.0,32.0,Telugu Titans,Lucknow
58,Telugu Titans,UP Yoddha,23.0,25.0,UP Yoddha,Lucknow
59,Telugu Titans,Tamil Thalaivas,33.0,28.0,Telugu Titans,Mumbai
60,Telugu Titans,Puneri Paltan,37.0,42.0,Puneri Paltan,Kolkata
61,Telugu Titans,Haryana Steelers,37.0,19.0,Telugu Titans,Sonepat
62,Telugu Titans,Bengal Warriors,31.0,32.0,Bengal Warriors,Sonepat
63,Telugu Titans,Patna Pirates,30.0,46.0,Patna Pirates,Ranchi
64,Telugu Titans,Bengaluru Bulls,26.0,26.0,TIE,Ranchi
65,Telugu Titans,Jaipur Pink Panthers,41.0,34.0,Telugu Titans,Delhi
66,Telugu Titans,Dabang Delhi,44.0,22.0,Telugu Titans,Delhi
67,Telugu Titans,Tamil Thalaivas,58.0,37.0,Telugu Titans,Chennai
68,Telugu Titans,Haryana Steelers,30.0,32.0,Haryana Steelers,Jaipur
69,Telugu Titans,Bengal Warriors,37.0,37.0,TIE,Pune
70,Telugu Titans,Tamil Thalaivas,33.0,28.0,Telugu Titans,Chennai
71,Telugu Titans,UP Yoddha,34.0,29.0,Telugu Titans,Sonepat
72,Telugu Titans,Bengal Warriors,25.0,30.0,Bengal Warriors,Sonepat
73,Telugu Titans,Patna Pirates,35.0,31.0,Telugu Titans,Pune
74,Telugu Titans,U Mumba,20.0,41.0,U Mumba,Pune
75,Telugu Titans,Patna Pirates,53.0,32.0,Telugu Titans,Patna
76,Telugu Titans,UP Yoddha,26.0,26.0,TIE,Greater Noida
77,Telugu Titans,Bengal Warriors,25.0,30.0,Bengal Warriors,Mumbai
78,Telugu Titans,Puneri Paltan,28.0,25.0,Telugu Titans,Mumbai
79,Telugu Titans,Tamil Thalaivas,23.0,27.0,Tamil Thalaivas,Ahmedabad
80,Telugu Titans,Tamil Thalaivas,25.0,31.0,Tamil Thalaivas,Pune
81,Telugu Titans,Bengaluru Bulls,26.0,34.0,Bengaluru Bulls,Pune
82,Telugu Titans,Dabang Delhi,29.0,34.0,Dabang Delhi,Delhi
83,Telugu Titans,Gujarat Fortune Giants,27.0,29.0,Gujarat Fortune Giants,Vijag
84,Telugu Titans,Jaipur Pink Panthers,36.0,26.0,Telugu Titans,Vijag
85,Telugu Titans,Haryana Steelers,35.0,31.0,Telugu Titans,Vijag
86,Telugu Titans,UP Yoddha,20.0,27.0,UP Yoddha,Vijag
87,Telugu Titans,Bengaluru Bulls,24.0,37.0,Bengaluru Bulls,Vijag
88,Telugu Titans,Patna Pirates,41.0,36.0,Telugu Titans,Vijag
89,Telugu Titans,Bengaluru Bulls,28.0,44.0,Bengaluru Bulls,Panchkula
90,Telugu Titans,Puneri Paltan,20.0,35.0,Puneri Paltan,Kolkata
91,Telugu Titans,Bengal Warriors,34.0,39.0,Bengal Warriors,Kolkata
92,Telugu Titans,U Mumba,25.0,31.0,U Mumba,Hyderabad
93,Telugu Titans,Tamil Thalaivas,26.0,39.0,Tamil Thalaivas,Hyderabad
94,Telugu Titans,Dabang Delhi,33.0,34.0,Dabang Delhi,Hyderabad
95,Telugu Titans,Patna Pirates,22.0,34.0,Patna Pirates,Hyderabad
96,Telugu Titans,UP Yoddha,20.0,20.0,TIE,Mumbai
97,Telugu Titans,Bengaluru Bulls,26.0,47.0,Bengaluru Bulls,Patna
98,Telugu Titans,Gujarat Fortune Giants,30.0,24.0,Telugu Titans,Ahmedabad
99,Telugu Titans,Bengal Warriors,29.0,29.0,TIE,Ahmedabad
100,Telugu Titans,Haryana Steelers,40.0,29.0,Telugu Titans,Chennai
101,Telugu Titans,Jaipur Pink Panthers,24.0,21.0,Telugu Titans,Delhi
102,Telugu Titans,Puneri Paltan,27.0,34.0,Puneri Paltan,Delhi
103,Telugu Titans,Tamil Thalaivas,35.0,30.0,Telugu Titans,Banglore
104,Telugu Titans,Bengaluru Bulls,39.0,40.0,Bengaluru Bulls,Banglore
105,Telugu Titans,U Mumba,27.0,41.0,U Mumba,Kolkata
106,Telugu Titans,Dabang Delhi,29.0,37.0,Dabang Delhi,Pune
107,Telugu Titans,Patna Pirates,42.0,42.0,TIE,Pune
